condition	reaction_id	flux	reduced_cost
nodule_max_n2	rxn02380	0.0	0.0
nodule_max_n2	rxn01977	0.0	0.0
nodule_max_n2	rxn00604	-2.6095726906258342e-16	0.0
nodule_max_n2	rxn01476	-2.6095726906258347e-16	0.0
nodule_max_n2	rxn01477	0.0	0.0
nodule_max_n2	rxn03884	0.0	0.0
nodule_max_n2	rxn00781	0.0	0.0
nodule_max_n2	rxn01100	0.0	0.0
nodule_max_n2	rxn01106	0.2222285714285896	0.0
nodule_max_n2	rxn00459	-0.2222285714285896	-0.0
nodule_max_n2	rxn00148	0.0	0.0
nodule_max_n2	rxn00250	0.5933142857142676	0.0
nodule_max_n2	rxn00247	0.0	-0.0
nodule_max_n2	rxn00747	2.609572690625838e-16	-0.0
nodule_max_n2	rxn00786	2.609572690625834e-16	0.0
nodule_max_n2	rxn00549	0.0	0.0
nodule_max_n2	rxn01115	-2.6095726906258347e-16	0.0
nodule_max_n2	rxn00777	2.609572690625834e-16	-0.0
nodule_max_n2	rxn01116	-6.095351462767631e-32	0.0
nodule_max_n2	rxn01200	0.0	0.0
nodule_max_n2	rxn01333	0.0	0.0
nodule_max_n2	rxn00785	6.095351462767631e-32	0.0
nodule_max_n2	rxn00159	0.0	0.0
nodule_max_n2	rxn00161	1.1122	0.0
nodule_max_n2	rxn00011p	0.0	0.0
nodule_max_n2	rxn02342	0.0	0.0
nodule_max_n2	rxn01871	0.0	-0.0
nodule_max_n2	rxn01241a	0.0	0.0
nodule_max_n2	rxn00256	0.29665714285712436	0.0
nodule_max_n2	rxn00974	0.2966571428571243	0.0
nodule_max_n2	rxn01388	-0.29665714285712425	0.0
nodule_max_n2	rxn01387	0.0	-0.0
nodule_max_n2	rxn00199	0.0	0.0
nodule_max_n2	rxn00441	0.0	0.0
nodule_max_n2	rxn02376	0.0	0.0
nodule_max_n2	rxn01872	0.0	-0.0
nodule_max_n2	rxn01241b	0.0	0.0
nodule_max_n2	rxn00285	1.0216542334443738e-15	-0.0
nodule_max_n2	rxn00288	0.0	0.0
nodule_max_n2	rxn00799	-2.5541715892618413e-16	0.0
nodule_max_n2	rxn00248	0.0	0.0
nodule_max_n2	rxn00330	0.0	0.0
nodule_max_n2	rxn01101	0.2222285714285896	0.0
nodule_max_n2	rxn02914	-0.2222285714285896	-0.0
nodule_max_n2	rxn00420	0.2222285714285896	0.0
nodule_max_n2	rxn00692	-0.22222857142858957	-0.0
nodule_max_n2	rxn00179	0.0	0.0
nodule_max_n2	rxn02373	0.0	0.0
nodule_max_n2	rxn02374	0.0	0.0
nodule_max_n2	rxn00931	0.745258571428553	0.0
nodule_max_n2	rxn00192	0.0	0.0
nodule_max_n2	rxn01917	0.0	0.0
nodule_max_n2	rxn02465	0.0	0.0
nodule_max_n2	rxn01637	0.0	-0.0
nodule_max_n2	rxn00469	0.0	-0.0
nodule_max_n2	rxn01636	0.0	0.0
nodule_max_n2	rxn01019	0.0	0.0
nodule_max_n2	rxn01434	0.0	0.0
nodule_max_n2	rxn00802	0.0	0.0
nodule_max_n2	rxn02339	-0.29665714285714323	-0.0
nodule_max_n2	rxn00416	0.0	-0.0
nodule_max_n2	rxn00187	0.0	0.0
nodule_max_n2	rxn00085	4.775648525132427e-16	0.0
nodule_max_n2	rxn00337	0.2966571428571437	0.0
nodule_max_n2	rxn01643	0.29665714285714373	0.0
nodule_max_n2	rxn01644	0.0	0.0
nodule_max_n2	rxn02929	0.0	-0.0
nodule_max_n2	rxn03031	0.0	0.0
nodule_max_n2	rxn03087	0.0	0.0
nodule_max_n2	rxn01973	0.0	0.0
nodule_max_n2	rxn01974	0.0	0.0
nodule_max_n2	rxn00313	0.0	0.0
nodule_max_n2	rxn01301	-0.29665714285714373	-0.0
nodule_max_n2	rxn01300	0.0	0.0
nodule_max_n2	rxn01069	0.0	0.0
nodule_max_n2	rxn00423	0.0	0.0
nodule_max_n2	rxn00649	0.0	0.0
nodule_max_n2	rxn09240	0.514741428571436	0.0
nodule_max_n2	rxn05239	0.514741428571436	0.0
nodule_max_n2	rxn00623	-1.0216542334443728e-15	-0.0
nodule_max_n2	rxn01304	0.29665714285714373	0.0
nodule_max_n2	rxn05957	1.0216542334443726e-15	0.0
nodule_max_n2	rxn00693	4.5902924708655645e-15	0.0
nodule_max_n2	rxn00770	-2.609572690625834e-16	0.0
nodule_max_n2	rxn00789	0.0	0.0
nodule_max_n2	rxn02834	0.0	0.0
nodule_max_n2	rxn02835	0.0	0.0
nodule_max_n2	rxn03175	0.0	0.0
nodule_max_n2	rxn03135	0.0	0.0
nodule_max_n2	rxn02473	0.0	0.0
nodule_max_n2	rxn02320	0.0	-0.0
nodule_max_n2	rxn02160	0.0	0.0
nodule_max_n2	rxn02159	0.0	0.0
nodule_max_n2	rxn00863	0.0	0.0
nodule_max_n2	rxn01332	6.095351462767631e-32	0.0
nodule_max_n2	rxn02212	6.09535146276763e-32	0.0
nodule_max_n2	rxn02213	6.09535146276763e-32	0.0
nodule_max_n2	rxn01740	-6.095351462767629e-32	-0.0
nodule_max_n2	rxn01739	6.095351462767629e-32	0.0
nodule_max_n2	rxn02476	6.095351462767629e-32	0.0
nodule_max_n2	rxn01255	6.09535146276763e-32	0.0
nodule_max_n2	rxn00726	0.0	0.0
nodule_max_n2	rxn00791	0.0	0.0
nodule_max_n2	rxn02508	0.0	0.0
nodule_max_n2	rxn02507	0.0	0.0
nodule_max_n2	rxn01964	0.0	0.0
nodule_max_n2	rxn01256	0.0	0.0
nodule_max_n2	rxn01000	0.0	0.0
nodule_max_n2	rxn00493	0.0	-0.0
nodule_max_n2	rxn01269	0.0	0.0
nodule_max_n2	rxn00527	0.0	-0.0
nodule_max_n2	rxn05036	0.0	-0.0
nodule_max_n2	rxn00525	0.0	0.0
nodule_max_n2	rxn00278	-0.8155428571428577	-0.0
nodule_max_n2	rxn00849	0.0	0.0
nodule_max_n2	rxn00283	0.0	0.0
nodule_max_n2	rxn00737	0.0	0.0
nodule_max_n2	rxn02302	0.2966571428571427	0.0
nodule_max_n2	rxn03194	0.2966571428571426	0.0
nodule_max_n2	rxn03436	0.2966571428571427	0.0
nodule_max_n2	rxn03435	-0.2966571428571426	-0.0
nodule_max_n2	rxn03437	0.2966571428571427	0.0
nodule_max_n2	rxn01575	0.0	-0.0
nodule_max_n2	rxn02185	0.0	0.0
nodule_max_n2	rxn00011b	0.2966571428571426	0.0
nodule_max_n2	rxn02187	0.0	0.0
nodule_max_n2	rxn03068	0.0	-0.0
nodule_max_n2	rxn00898	0.0	0.0
nodule_max_n2	rxn00903	0.0	-0.0
nodule_max_n2	rxn00902	0.0	0.0
nodule_max_n2	rxn02789	0.0	0.0
nodule_max_n2	rxn02811	0.0	-0.0
nodule_max_n2	rxn03062	0.0	0.0
nodule_max_n2	rxn01208	0.0	0.0
nodule_max_n2	rxn00806	0.0	-0.0
nodule_max_n2	rxn06300	0.0	0.0
nodule_max_n2	rxn06432	0.0	0.0
nodule_max_n2	rxn06936	0.0	0.0
nodule_max_n2	rxn06433	0.0	0.0
nodule_max_n2	rxn11595	0.0	0.0
nodule_max_n2	rxn06435	0.0	0.0
nodule_max_n2	rxn06436	0.0	0.0
nodule_max_n2	rxn10534	0.0	0.0
nodule_max_n2	rxn06438	0.0	0.0
nodule_max_n2	rxn06440	0.0	0.0
nodule_max_n2	rxn06441	0.0	0.0
nodule_max_n2	rxn06442	0.0	0.0
nodule_max_n2	rxn06443	0.0	0.0
nodule_max_n2	rxn06538	0.0	0.0
nodule_max_n2	rxn06444	0.0	0.0
nodule_max_n2	rxn06445	0.0	0.0
nodule_max_n2	rxn06446	0.0	0.0
nodule_max_n2	rxn06447	0.0	0.0
nodule_max_n2	rxn06448	0.0	0.0
nodule_max_n2	rxn06280	0.0	0.0
nodule_max_n2	rxn06449	0.0	0.0
nodule_max_n2	rxn06937	0.0	0.0
nodule_max_n2	rxn06439	0.0	0.0
nodule_max_n2	rxn12192	0.0	-3.609477738837781
nodule_max_n2	rxnProtDF	0.0	0.0
nodule_max_n2	rxn00455	0.0	0.0
nodule_max_n2	rxn00790	2.387824262566213e-16	0.0
nodule_max_n2	rxn02895	2.387824262566213e-16	0.0
nodule_max_n2	rxn03004	2.387824262566213e-16	0.0
nodule_max_n2	rxn03084	2.387824262566213e-16	0.0
nodule_max_n2	rxn02937	2.387824262566213e-16	0.0
nodule_max_n2	rxn05229	2.387824262566213e-16	0.0
nodule_max_n2	rxn03147	2.387824262566213e-16	0.0
nodule_max_n2	rxn03136	2.387824262566213e-16	0.0
nodule_max_n2	rxn03137	2.387824262566213e-16	0.0
nodule_max_n2	rxn00832	-2.387824262566213e-16	-0.0
nodule_max_n2	rxn00834	6.09535146276763e-32	0.0
nodule_max_n2	rxn00917	6.09535146276763e-32	0.0
nodule_max_n2	rxn09562	6.09535146276763e-32	0.0
nodule_max_n2	rxn00237	0.5147414285714362	0.0
nodule_max_n2	rxn05233	0.0	0.0
nodule_max_n2	rxn01353	0.0	-0.0
nodule_max_n2	rxn00838	2.387824262566212e-16	0.0
nodule_max_n2	rxn00800	2.387824262566212e-16	0.0
nodule_max_n2	rxn00097	0.0	0.0
nodule_max_n2	rxn05231	0.0	0.0
nodule_max_n2	rxn00839	0.0	0.0
nodule_max_n2	rxn00414	0.0	0.0
nodule_max_n2	rxn01018	-1.8637902415493636e-31	0.0
nodule_max_n2	rxn01465	1.8637902415493636e-31	-0.0
nodule_max_n2	rxn01360	-1.8637902415493634e-31	0.0
nodule_max_n2	rxn01362	-1.8637902415493636e-31	0.0
nodule_max_n2	rxn00710	-1.8637902415493634e-31	0.0
nodule_max_n2	rxn00119	-1.8637902415493636e-31	0.0
nodule_max_n2	rxn00117	-1.8637902415493634e-31	0.0
nodule_max_n2	rxn00412	-1.8637902415493636e-31	0.0
nodule_max_n2	rxn00409	1.0216542334443722e-15	0.0
nodule_max_n2	rxn06076	0.0	0.0
nodule_max_n2	rxn01673	0.0	0.0
nodule_max_n2	rxn01672	0.0	0.0
nodule_max_n2	rxn01678	0.0	0.0
nodule_max_n2	rxn01517	0.0	0.0
nodule_max_n2	rxn01520	0.0	0.0
nodule_max_n2	rxn01513	0.0	0.0
nodule_max_n2	rxn01512	0.0	0.0
nodule_max_n2	rxn00364	1.0216542334443722e-15	0.0
nodule_max_n2	rxn05294	0.0	0.0
nodule_max_n2	rxn13784	0.0	0.0
nodule_max_n2	rxn00792	0.0	-0.0
nodule_max_n2	rxn06864	0.0	0.0
nodule_max_n2	rxn06672	0.0	-0.0
nodule_max_n2	rxn06673	0.0	-0.0
nodule_max_n2	rxn05465	1.621467433899562e-14	0.0
nodule_max_n2	rxn08766	2.0433084668887436e-15	0.0
nodule_max_n2	rxn05339	-2.0433084668887436e-15	-0.0
nodule_max_n2	rxn05329	2.0433084668887436e-15	0.0
nodule_max_n2	rxn05322	2.043308466888743e-15	0.0
nodule_max_n2	rxn05346	2.0433084668887428e-15	0.0
nodule_max_n2	rxn05337	-2.0433084668887428e-15	-0.0
nodule_max_n2	rxn05330	2.0433084668887428e-15	0.0
nodule_max_n2	rxn05326	2.0433084668887428e-15	0.0
nodule_max_n2	rxn05350	2.0433084668887428e-15	0.0
nodule_max_n2	rxn05341	-2.0433084668887428e-15	-0.0
nodule_max_n2	rxn05334	2.0433084668887428e-15	0.0
nodule_max_n2	rxn05325	2.0433084668887424e-15	0.0
nodule_max_n2	rxn05343	2.0433084668887424e-15	0.0
nodule_max_n2	rxn05338	-2.0433084668887424e-15	-0.0
nodule_max_n2	rxn05333	2.0433084668887424e-15	0.0
nodule_max_n2	rxn05327	1.0114376911099116e-16	0.0
nodule_max_n2	rxn05348	1.0114376911099115e-16	0.0
nodule_max_n2	rxn05340	-1.0114376911099113e-16	-0.0
nodule_max_n2	rxn05331	1.0114376911099115e-16	0.0
nodule_max_n2	rxn05324	1.0114376911099113e-16	0.0
nodule_max_n2	rxn05345	1.0114376911099115e-16	0.0
nodule_max_n2	rxn05342	-1.0114376911099113e-16	-0.0
nodule_max_n2	rxn05335	1.0114376911099287e-16	0.0
nodule_max_n2	rxn05323	1.0114376911099286e-16	0.0
nodule_max_n2	rxn05344	1.0114376911099286e-16	0.0
nodule_max_n2	rxn05336	-1.0114376911099285e-16	-0.0
nodule_max_n2	rxn05332	1.0114376911099286e-16	0.0
nodule_max_n2	rxn05328	1.0114376911099285e-16	0.0
nodule_max_n2	rxn05460	0.0	0.0
nodule_max_n2	rxn05461	0.0	0.0
nodule_max_n2	rxn05462	0.0	0.0
nodule_max_n2	rxn05464	0.0	0.0
nodule_max_n2	rxn07455	1.9421646977777515e-15	0.0
nodule_max_n2	rxnUS1	1.9421646977777515e-15	0.0
nodule_max_n2	rxnUS2	-1.9421646977777515e-15	-0.0
nodule_max_n2	rxnUS3	1.9421646977777515e-15	0.0
nodule_max_n2	rxnUS4	1.942164697777751e-15	0.0
nodule_max_n2	rxnUS5	1.9421646977777515e-15	0.0
nodule_max_n2	rxnUS6	-1.9421646977777515e-15	-0.0
nodule_max_n2	rxnUS7	1.9421646977777515e-15	0.0
nodule_max_n2	rxnUS8	1.942164697777751e-15	0.0
nodule_max_n2	rxnUS9	1.9421646977777515e-15	0.0
nodule_max_n2	rxnUS10	-1.9421646977777515e-15	-0.0
nodule_max_n2	rxnUS11	1.9421646977777515e-15	0.0
nodule_max_n2	rxnUS12	1.942164697777751e-15	0.0
nodule_max_n2	rxnUS13	1.91151507077442e-15	0.0
nodule_max_n2	rxnUS14	1.91151507077442e-15	0.0
nodule_max_n2	rxnUS15	1.91151507077442e-15	0.0
nodule_max_n2	rxnUS16	1.9115150707744197e-15	0.0
nodule_max_n2	rxnVLCFA1	0.0	0.0
nodule_max_n2	rxnVLCFA2	0.0	0.0
nodule_max_n2	rxnVLCFA3	0.0	-0.0
nodule_max_n2	rxnVLCFA4	0.0	0.0
nodule_max_n2	rxnVLCFA5	0.0	0.0
nodule_max_n2	rxnVLCFA6	0.0	0.0
nodule_max_n2	rxnVLCFA7	0.0	-0.0
nodule_max_n2	rxnVLCFA8	0.0	0.0
nodule_max_n2	rxnVLCFA9	0.0	0.0
nodule_max_n2	rxnVLCFA10	0.0	0.0
nodule_max_n2	rxnVLCFA11	0.0	-0.0
nodule_max_n2	rxnVLCFA12	0.0	0.0
nodule_max_n2	rxnVLCFA13	0.0	0.0
nodule_max_n2	rxnVLCFA14	0.0	0.0
nodule_max_n2	rxnVLCFA15	0.0	-0.0
nodule_max_n2	rxnVLCFA16	0.0	0.0
nodule_max_n2	rxnVLCFA17	0.0	0.0
nodule_max_n2	rxnVLCFA18	0.0	0.0
nodule_max_n2	rxnVLCFA19	0.0	-0.0
nodule_max_n2	rxnVLCFA20	0.0	0.0
nodule_max_n2	rxnVLCFA21	0.0	0.0
nodule_max_n2	rxnVLCFA22	0.0	0.0
nodule_max_n2	rxnVLCFA23	0.0	-0.0
nodule_max_n2	rxnVLCFA24	0.0	0.0
nodule_max_n2	rxnVLCFA25	0.0	0.0
nodule_max_n2	rxnVLCFA26	0.0	0.0
nodule_max_n2	rxnVLCFA27	0.0	-0.0
nodule_max_n2	rxnVLCFA28	0.0	0.0
nodule_max_n2	rxnVLCFA29	0.0	0.0
nodule_max_n2	rxnVLCFA30	0.0	0.0
nodule_max_n2	rxnVLCFA31	0.0	0.0
nodule_max_n2	rxnVLCFA32	0.0	0.0
nodule_max_n2	rxnVLCFA33	0.0	0.0
nodule_max_n2	rxnVLCFA34	0.0	0.0
nodule_max_n2	rxnVLCFA35	0.0	-0.0
nodule_max_n2	rxnVLCFA36	0.0	0.0
nodule_max_n2	rxnVLCFA37	0.0	0.0
nodule_max_n2	rxnVLCFA38	0.0	0.0
nodule_max_n2	rxnVLCFA39	0.0	-0.0
nodule_max_n2	rxnVLCFA40	0.0	0.0
nodule_max_n2	rxnVLCFA41	0.0	0.0
nodule_max_n2	rxnVLCFA42	0.0	0.0
nodule_max_n2	rxnVLCFA43	0.0	-0.0
nodule_max_n2	rxnVLCFA44	0.0	0.0
nodule_max_n2	rxnVLCFA45	0.0	0.0
nodule_max_n2	rxnVLCFA46	0.0	0.0
nodule_max_n2	rxnVLCFA47	0.0	-0.0
nodule_max_n2	rxnVLCFA48	0.0	0.0
nodule_max_n2	rxnVLCFA49	0.0	0.0
nodule_max_n2	rxnVLCFA50	0.0	0.0
nodule_max_n2	rxnVLCFA51	0.0	-0.0
nodule_max_n2	rxn00612	0.0	0.0
nodule_max_n2	rxnPG1	0.0	0.0
nodule_max_n2	rxnPG2	0.0	0.0
nodule_max_n2	rxnPG3	0.0	0.0
nodule_max_n2	rxnPG4	0.0	0.0
nodule_max_n2	rxnPG5	0.0	0.0
nodule_max_n2	rxnPG6	0.0	0.0
nodule_max_n2	rxnPG7	0.0	0.0
nodule_max_n2	rxnPG8	0.0	0.0
nodule_max_n2	rxnPG9	0.0	0.0
nodule_max_n2	rxnPG10	0.0	0.0
nodule_max_n2	rxnPG11	0.0	0.0
nodule_max_n2	rxnPG12	0.0	0.0
nodule_max_n2	rxnPG13	1.0216542334443718e-15	0.0
nodule_max_n2	rxnPG14	1.0216542334443718e-15	0.0
nodule_max_n2	rxnPG15	3.064962700333117e-17	0.0
nodule_max_n2	rxnPG16	3.064962700333117e-17	0.0
nodule_max_n2	rxnPG17	0.0	0.0
nodule_max_n2	rxnPG18	0.0	0.0
nodule_max_n2	rxnPG19	1.0114376911099283e-16	0.0
nodule_max_n2	rxnPG20	1.0114376911099285e-16	0.0
nodule_max_n2	rxnPG21	0.0	0.0
nodule_max_n2	rxnPG22	0.0	0.0
nodule_max_n2	rxnPG23	0.0	0.0
nodule_max_n2	rxnPG24	0.0	0.0
nodule_max_n2	rxnPG25	0.0	0.0
nodule_max_n2	rxnPG26	0.0	0.0
nodule_max_n2	rxnPG27	0.0	0.0
nodule_max_n2	rxnPG28	0.0	0.0
nodule_max_n2	rxnPG34	0.0	0.0
nodule_max_n2	rxnPG35	8.898608373300483e-16	0.0
nodule_max_n2	rxnPG36	8.89860837330048e-16	0.0
nodule_max_n2	rxnPG37	0.0	0.0
nodule_max_n2	rxnPG38	0.0	0.0
nodule_max_n2	rxnPG39	0.0	0.0
nodule_max_n2	rxnPG40	0.0	0.0
nodule_max_n2	rxnPG	0.0	0.0
nodule_max_n2	rxnCL1	0.0	0.0
nodule_max_n2	rxnCL2	0.0	0.0
nodule_max_n2	rxnCL3	0.0	0.0
nodule_max_n2	rxnCL4	0.0	0.0
nodule_max_n2	rxnCL5	0.0	0.0
nodule_max_n2	rxnCL6	0.0	0.0
nodule_max_n2	rxnCL7	0.0	0.0
nodule_max_n2	rxnCL8	0.0	0.0
nodule_max_n2	rxnCL9	0.0	0.0
nodule_max_n2	rxnCL10	0.0	0.0
nodule_max_n2	rxnCL11	0.0	0.0
nodule_max_n2	rxn00615	1.0216542334443718e-15	0.0
nodule_max_n2	rxnCL	0.0	0.0
nodule_max_n2	rxnPE1	0.0	0.0
nodule_max_n2	rxnPE2	0.0	-0.0
nodule_max_n2	rxnPE3	0.0	0.0
nodule_max_n2	rxnPE4	0.0	-0.0
nodule_max_n2	rxnPE5	0.0	0.0
nodule_max_n2	rxnPE6	0.0	0.0
nodule_max_n2	rxnPE7	0.0	0.0
nodule_max_n2	rxnPE8	0.0	0.0
nodule_max_n2	rxnPE9	0.0	0.0
nodule_max_n2	rxnPE10	0.0	0.0
nodule_max_n2	rxnPE11	0.0	0.0
nodule_max_n2	rxnPE	0.0	0.0
nodule_max_n2	rxnMMPE1	0.0	-0.0
nodule_max_n2	rxnDMPE1	0.0	-0.0
nodule_max_n2	rxnPC1	0.0	-0.0
nodule_max_n2	rxnMMPE2	0.0	-0.0
nodule_max_n2	rxnDMPE2	0.0	-0.0
nodule_max_n2	rxnPC3	0.0	-0.0
nodule_max_n2	rxnMMPE3	0.0	0.0
nodule_max_n2	rxnPC5	1.072736945116591e-17	0.0
nodule_max_n2	rxnMMPE4	0.0	0.0
nodule_max_n2	rxnPC6	1.072736945116591e-17	0.0
nodule_max_n2	rxnMMPE5	0.0	0.0
nodule_max_n2	rxnPC7	2.9627972769886796e-17	0.0
nodule_max_n2	rxnMMPE6	0.0	0.0
nodule_max_n2	rxnDMPE3	0.0	0.0
nodule_max_n2	rxnPC8	0.0	0.0
nodule_max_n2	rxnMMPE7	0.0	0.0
nodule_max_n2	rxnPC10	4.076400391443045e-16	0.0
nodule_max_n2	rxnMMPE8	0.0	0.0
nodule_max_n2	rxnPC11	4.4952786271552376e-17	0.0
nodule_max_n2	rxnMMPE	0.0	0.0
nodule_max_n2	rxnPC	1.0216542334443721e-17	0.0
nodule_max_n2	rxn04027	0.0	0.0
nodule_max_n2	rxnSL1	0.0	-0.0
nodule_max_n2	rxnSL2	0.0	0.0
nodule_max_n2	rxnSL3	0.0	-0.0
nodule_max_n2	rxnSL4	0.0	0.0
nodule_max_n2	rxnSL5	0.0	-0.0
nodule_max_n2	rxnSL6	0.0	0.0
nodule_max_n2	rxnSL7	0.0	-0.0
nodule_max_n2	rxnSL8	0.0	0.0
nodule_max_n2	rxnSL9	0.0	-0.0
nodule_max_n2	rxnSL10	0.0	0.0
nodule_max_n2	rxnSL11	0.0	0.0
nodule_max_n2	rxnSL12	0.0	0.0
nodule_max_n2	rxnSL13	0.0	0.0
nodule_max_n2	rxnSL14	0.0	0.0
nodule_max_n2	rxnSL15	0.0	-0.0
nodule_max_n2	rxnSL16	0.0	0.0
nodule_max_n2	rxnSL17	0.0	0.0
nodule_max_n2	rxnSL18	0.0	-0.0
nodule_max_n2	rxnSL19	0.0	0.0
nodule_max_n2	rxnSL20	0.0	0.0
nodule_max_n2	rxnSL21	0.0	0.0
nodule_max_n2	rxnSL22	0.0	0.0
nodule_max_n2	rxnSL23	0.0	-0.0
nodule_max_n2	rxnSL24	0.0	0.0
nodule_max_n2	rxnSL	0.0	0.0
nodule_max_n2	rxnOL1	0.0	0.0
nodule_max_n2	rxnOL2	0.0	0.0
nodule_max_n2	rxnOL3	0.0	0.0
nodule_max_n2	rxnOL4	0.0	0.0
nodule_max_n2	rxnOL5	0.0	0.0
nodule_max_n2	rxnOL6	0.0	0.0
nodule_max_n2	rxnOL7	0.0	0.0
nodule_max_n2	rxnOL8	0.0	0.0
nodule_max_n2	rxnOL9	0.0	0.0
nodule_max_n2	rxnOL10	0.0	0.0
nodule_max_n2	rxnOL11	0.0	0.0
nodule_max_n2	rxnOL12	0.0	0.0
nodule_max_n2	rxnOL	0.0	0.0
nodule_max_n2	rxn00555	0.0	0.0
nodule_max_n2	rxn01485	0.0	-0.0
nodule_max_n2	rxn03638	0.0	0.0
nodule_max_n2	rxn00293	0.0	0.0
nodule_max_n2	rxn00461	0.0	0.0
nodule_max_n2	rxn02285	0.0	-0.0
nodule_max_n2	rxn02286	0.0	0.0
nodule_max_n2	rxn02008	0.0	0.0
nodule_max_n2	rxn02011	0.0	0.0
nodule_max_n2	rxn00851	0.0	0.0
nodule_max_n2	rxn03164	0.0	0.0
nodule_max_n2	rxn09345	0.0	0.0
nodule_max_n2	rxn03901	0.0	0.0
nodule_max_n2	rxn03904	0.0	0.0
nodule_max_n2	rxn03408	0.0	0.0
nodule_max_n2	rxn10199	0.0	0.0
nodule_max_n2	rxn06729	0.0	0.0
nodule_max_n2	rxn03146	0.0	0.0
nodule_max_n2	rxn06723	0.0	0.0
nodule_max_n2	rxn03130	0.0	0.0
nodule_max_n2	rxn03159	0.0	0.0
nodule_max_n2	rxn03181	0.0	0.0
nodule_max_n2	rxn03182	0.0	0.0
nodule_max_n2	rxn03439	0.0	0.0
nodule_max_n2	rxnVLCFA52	0.0	0.0
nodule_max_n2	rxnLPS1	0.0	0.0
nodule_max_n2	SOURCE_cpdLPS3	0.0	0.0
nodule_max_n2	rxnLPS2	0.0	0.0
nodule_max_n2	rxnLPS3	0.0	0.0
nodule_max_n2	rxn01119	0.0	0.0
nodule_max_n2	rxnEPSS1	0.0	0.0
nodule_max_n2	rxnEPSS2	0.0	0.0
nodule_max_n2	rxnEPSS3	0.0	0.0
nodule_max_n2	rxnEPSS4	0.0	0.0
nodule_max_n2	rxnEPSS5	0.0	0.0
nodule_max_n2	rxnEPSS6	0.0	0.0
nodule_max_n2	rxnEPSS7	0.0	0.0
nodule_max_n2	rxnEPSS8	0.0	0.0
nodule_max_n2	rxnEPSS9	0.0	0.0
nodule_max_n2	rxnEPSS10	0.0	0.0
nodule_max_n2	rxnEPSSlmw	0.0	0.0
nodule_max_n2	rxnEPSShmw	0.0	0.0
nodule_max_n2	rxnEPSSlmw2	0.0	0.0
nodule_max_n2	rxn00704	2.5058845909305754e-31	-0.0
nodule_max_n2	rxn00213	0.0	0.0
nodule_max_n2	rxn00214	0.0	0.0
nodule_max_n2	rxn00211	0.0	0.0
nodule_max_n2	rxn01008	0.0	0.0
nodule_max_n2	rxn01007	0.0	0.0
nodule_max_n2	rxn01117	0.0	-0.0
nodule_max_n2	rxn02331	0.0	0.0
nodule_max_n2	rxn02404	0.0	0.0
nodule_max_n2	rxn02405	0.0	0.0
nodule_max_n2	rxn01675	0.0	0.0
nodule_max_n2	rxn01997	0.0	0.0
nodule_max_n2	rxn02000	0.0	0.0
nodule_max_n2	rxn02003	0.0	-0.0
nodule_max_n2	rxn01329	0.0	0.0
nodule_max_n2	rxn00640	0.0	0.0
nodule_max_n2	rxn00695	-9.611350591484895e-16	-0.0
nodule_max_n2	rxn08615	-9.611350591484895e-16	-0.0
nodule_max_n2	rxn00178	0.0	0.0
nodule_max_n2	rxn01453	0.0	0.0
nodule_max_n2	rxn11920	0.0	0.0
nodule_max_n2	rxnPHBDP	0.0	0.0
nodule_max_n2	rxn00992_c0	0.0	-0.0
nodule_max_n2	rxn00988_c0	0.0	0.0
nodule_max_n2	rxn00711	0.0	0.0
nodule_max_n2	rxn00720	0.0	0.0
nodule_max_n2	rxn01626	0.0	0.0
nodule_max_n2	rxn00654	0.0	0.0
nodule_max_n2	rxn00346	0.0	-0.0
nodule_max_n2	rxn00912	0.0	0.0
nodule_max_n2	rxn01790	0.0	-0.0
nodule_max_n2	rxn01791	0.0	0.0
nodule_max_n2	rxn12510	0.0	0.0
nodule_max_n2	rxn09177	0.0	0.0
nodule_max_n2	rxn02341	0.0	0.0
nodule_max_n2	rxn02175	0.0	0.0
nodule_max_n2	rxn00100	0.0	0.0
nodule_max_n2	rxn00338	-4.997396953192047e-16	0.0
nodule_max_n2	rxn02988	-4.997396953192046e-16	0.0
nodule_max_n2	rxn02402	-4.997396953192047e-16	0.0
nodule_max_n2	rxn02155	-4.997396953192047e-16	0.0
nodule_max_n2	rxn00138	-4.997396953192047e-16	0.0
nodule_max_n2	rxn00077	0.0	0.0
nodule_max_n2	rxn01257b	6.095351462767631e-32	0.0
nodule_max_n2	rxn03841	6.095351462767631e-32	0.0
nodule_max_n2	rxn00302	6.095351462767632e-32	0.0
nodule_max_n2	rxn03419	6.095351462767632e-32	0.0
nodule_max_n2	rxn03421	6.095351462767631e-32	0.0
nodule_max_n2	rxn03174	6.095351462767631e-32	0.0
nodule_max_n2	rxn03167	6.09535146276763e-32	0.0
nodule_max_n2	rxn02504	6.09535146276763e-32	0.0
nodule_max_n2	rxn02503	6.095351462767632e-32	0.0
nodule_max_n2	rxn02201	6.09535146276763e-32	0.0
nodule_max_n2	rxn01603	6.09535146276763e-32	0.0
nodule_max_n2	rxn00686	-6.09535146276763e-32	-0.0
nodule_max_n2	rxn01602	0.0	0.0
nodule_max_n2	rxn00690	-0.7411142857142983	-0.0
nodule_max_n2	rxn00907	0.7411142857142988	0.0
nodule_max_n2	rxn01211	0.7411142857142987	0.0
nodule_max_n2	rxn00910	-4.590292470865564e-15	-0.0
nodule_max_n2	rxn00979	6.09535146276763e-32	0.0
nodule_max_n2	rxn08657	6.09535146276763e-32	0.0
nodule_max_n2	rxn09997	0.0	-0.0
nodule_max_n2	rxn02484	0.0	-0.0
nodule_max_n2	rxn03108	0.0	-0.0
nodule_max_n2	rxn07295	0.0	0.0
nodule_max_n2	rxnTHIZsyn	0.0	0.0
nodule_max_n2	rxn02305	0.0	-0.0
nodule_max_n2	rxn00438	0.0	-0.0
nodule_max_n2	rxn00300	0.0	0.0
nodule_max_n2	rxn02475	0.0	0.0
nodule_max_n2	rxn02474	0.0	-0.0
nodule_max_n2	rxn05039	0.0	0.0
nodule_max_n2	rxn05040	0.0	0.0
nodule_max_n2	rxn03080	0.0	0.0
nodule_max_n2	rxn00048	0.0	0.0
nodule_max_n2	rxn00392	0.0	0.0
nodule_max_n2	rxn00122	0.0	0.0
nodule_max_n2	rxn00599	0.0	0.0
nodule_max_n2	rxn00029	0.0	0.0
nodule_max_n2	rxn00060	0.0	0.0
nodule_max_n2	rxn02264	0.0	0.0
nodule_max_n2	rxn02288	0.0	0.0
nodule_max_n2	rxn02303	0.0	0.0
nodule_max_n2	rxn02304	0.0	0.0
nodule_max_n2	rxn00224	0.0	0.0
nodule_max_n2	rxn08707	0.0	0.0
nodule_max_n2	rxn12825	0.0	0.0
nodule_max_n2	rxn01609	0.0	0.0
nodule_max_n2	rxn04385	0.0	0.0
nodule_max_n2	rxn03975	0.0	0.0
nodule_max_n2	rxnBluB	0.0	0.0
nodule_max_n2	SINK_cpd00605	0.0	0.0
nodule_max_n2	rxn02897	0.0	0.0
nodule_max_n2	rxn01265	0.0	-0.0
nodule_max_n2	rxn03150	0.0	0.0
nodule_max_n2	rxn02287	0.0	0.0
nodule_max_n2	rxn02775	0.0	0.0
nodule_max_n2	rxn11545	0.0	0.0
nodule_max_n2	rxn03513	0.0	0.0
nodule_max_n2	rxn03514	0.0	0.0
nodule_max_n2	rxn03534	0.0	0.0
nodule_max_n2	rxn03492	0.0	-0.0
nodule_max_n2	rxn03491	0.0	0.0
nodule_max_n2	rxn03512	0.0	0.0
nodule_max_n2	rxn11544	0.0	0.0
nodule_max_n2	rxn10476	0.0	-6.18738608068328e-15
nodule_max_n2	rxn11650	0.0	0.0
nodule_max_n2	rxn03535	0.0	0.0
nodule_max_n2	rxn03540	0.0	0.0
nodule_max_n2	rxn04384	0.0	0.0
nodule_max_n2	rxn03537	0.0	0.0
nodule_max_n2	rxn03538	0.0	0.0
nodule_max_n2	rxn03909	0.0	0.0
nodule_max_n2	rxn03958	0.0	-0.0
nodule_max_n2	rxn03907	0.0	0.0
nodule_max_n2	rxn03908	0.0	0.0
nodule_max_n2	rxn03910	0.0	0.0
nodule_max_n2	rxn05293	0.0	0.0
nodule_max_n2	rxn08352	0.0	0.0
nodule_max_n2	rxn04113	0.0	0.0
nodule_max_n2	rxn01213	0.0	0.0
nodule_max_n2	rxn01466	0.0	0.0
nodule_max_n2	rxnUB1	0.0	0.0
nodule_max_n2	rxn00966	0.0	0.0
nodule_max_n2	rxn03893	0.0	0.0
nodule_max_n2	rxn03393	0.0	0.0
nodule_max_n2	rxn03394	0.0	0.0
nodule_max_n2	rxn03395	0.0	0.0
nodule_max_n2	rxn12224	0.0	0.0
nodule_max_n2	rxn03397	0.0	0.0
nodule_max_n2	rxn04139	0.0	0.0
nodule_max_n2	rxn11946	0.0	0.0
nodule_max_n2	rxn01486	0.0	0.0
nodule_max_n2	rxn01489	0.0	0.0
nodule_max_n2	rxn05031	0.0	0.0
nodule_max_n2	rxn10122	0.96334285714287	0.0
nodule_max_n2	rxnFADH2	0.745258571428553	0.0
nodule_max_n2	rxn12750	1.708601428571423	0.0
nodule_max_n2	rxn00058	0.8543007142857115	0.0
nodule_max_n2	rxn10042	1.6972257142857237	0.0
nodule_max_n2	rxn01331	0.0	0.0
nodule_max_n2	rxn02939	0.0	0.0
nodule_max_n2	rxn03445	0.0	-0.0
nodule_max_n2	rxn03951	0.0	0.0
nodule_max_n2	rxn05116	0.0	0.0
nodule_max_n2	rxn04070	0.0	0.0
nodule_max_n2	rxn00209	0.0	0.0
nodule_max_n2	rxnPolyPi1	0.0	0.0
nodule_max_n2	rxn00646	0.0	0.0
nodule_max_n2	rxn00351	0.0	0.0
nodule_max_n2	rxn00086	0.0	0.0
nodule_max_n2	rxn00001	0.0	0.0
nodule_max_n2	rxn00102	-0.8899714285714105	-0.0
nodule_max_n2	rxn00006	0.25737071428571723	0.0
nodule_max_n2	rxn00226	0.0	0.0
nodule_max_n2	rxn00176	0.0	0.0
nodule_max_n2	rxn00126	4.590292470865563e-15	0.0
nodule_max_n2	rxn00141	3.5686382374211915e-15	0.0
nodule_max_n2	rxn00778	3.5686382374211915e-15	0.0
nodule_max_n2	rxn05289	0.514741428571436	0.0
nodule_max_n2	rxn00272	0.2966571428571243	0.0
nodule_max_n2	rxn10052	0.0	-0.0
nodule_max_n2	rxn00022s	0.0	0.0
nodule_max_n2	rxn00216	0.0	0.0
nodule_max_n2	rxn00547	0.0	0.0
nodule_max_n2	rxn05319	1.5566571428571572	0.0
nodule_max_n2	rxn05467	-2.075542857143091	0.0
nodule_max_n2	rxn05468	1.2600000000000002	0.0
nodule_max_n2	rxnBLTPcpd00204	0.0	0.0
nodule_max_n2	rxnBLTPcpd00149	0.0	1.9480199518967562e-14
nodule_max_n2	rxn05312	-1.700270006596057e-15	0.0
nodule_max_n2	rxn05145	0.0	0.0
nodule_max_n2	rxn05616	-8.501350032980285e-16	0.0
nodule_max_n2	rxn05514	-8.501350032980285e-16	0.0
nodule_max_n2	rxn05149	0.0	0.0
nodule_max_n2	rxn05195b	0.0	0.0
nodule_max_n2	rxn05195	0.0	0.0
nodule_max_n2	rxn05150	0.0	0.0
nodule_max_n2	rxn08769	0.0	0.0
nodule_max_n2	rxn05209	0.0	0.0
nodule_max_n2	rxn05223	0.0	0.0
nodule_max_n2	rxn05466	0.0	0.0
nodule_max_n2	rxn05153	0.0	0.0
nodule_max_n2	rxn05651	1.0831006066074501e-15	0.0
nodule_max_n2	rxnBLTPcpd00076	0.0	0.0
nodule_max_n2	rxn05147	0.0	0.0
nodule_max_n2	rxn09269	-0.593314285714267	-0.0
nodule_max_n2	EX_cpd00001_e0	1.5566571428571572	0.0
nodule_max_n2	EX_cpd00067_e0	-1.0377714285715456	0.0
nodule_max_n2	EX_cpd00011_e0	2.0755428571430707	0.0
nodule_max_n2	EX_cpd00204_e0	0.0	0.0
nodule_max_n2	EX_cpd00007_e0	-1.26	-0.0
nodule_max_n2	EX_cpd00149_e0	0.0	-99.99999999999997
nodule_max_n2	EX_cpd00009_e0	1.7002700065960572e-15	0.0
nodule_max_n2	EX_cpd00254_e0	0.0	0.0
nodule_max_n2	EX_cpd00063_e0	1.6247569932077386e-31	0.0
nodule_max_n2	EX_cpd00030_e0	0.0	0.0
nodule_max_n2	EX_cpd10515_e0	0.0	0.0
nodule_max_n2	EX_cpd10516_e0	0.0	0.0
nodule_max_n2	EX_cpd00034_e0	0.0	0.0
nodule_max_n2	EX_cpd00205_e0	0.0	0.0
nodule_max_n2	EX_cpd00971_e0	0.0	0.0
nodule_max_n2	EX_cpd00104_e0	0.0	0.0
nodule_max_n2	EX_cpd00013_e0	0.0	0.0
nodule_max_n2	EX_cpd00048_e0	-1.0831006066074501e-15	0.0
nodule_max_n2	EX_cpd00076_e0	0.0	-0.0
nodule_max_n2	EX_cpd00027_e0	0.0	-0.0
nodule_max_n2	EX_cpd00036_e0	0.593314285714267	0.0
nodule_max_n2	rxnBIOMASS	0.0	2.168404344971009e-19
nodule_max_n2	EX_cpd11416_e0	0.0	0.0
nodule_max_n2	rxnNGAM	0.0	0.0
nodule_max_n2	rxn02360	0.0	0.0
nodule_max_n2	rxn02946	0.0	0.0
nodule_max_n2	rxn01635	0.0	-0.0
nodule_max_n2	rxn00196	0.0	0.0
nodule_max_n2	rxn01289	0.0	-0.0
nodule_max_n2	rxn01830	0.0	0.0
nodule_max_n2	rxn01828	0.0	0.0
nodule_max_n2	rxn01633	0.0	0.0
nodule_max_n2	rxn00395	0.0	0.0
nodule_max_n2	rxn00114	-1.8637902415493638e-31	0.0
nodule_max_n2	rxn00394	0.0	0.0
nodule_max_n2	rxn00471	0.0	0.0
nodule_max_n2	rxn02071	0.0	0.0
nodule_max_n2	rxn00930	0.0	-0.0
nodule_max_n2	rxn09188	0.745258571428553	0.0
nodule_max_n2	rxn00183	0.0	0.0
nodule_max_n2	rxn01192	0.0	0.0
nodule_max_n2	rxn02369	0.0	0.0
nodule_max_n2	rxn02483	0.0	0.0
nodule_max_n2	rxn02144	0.0	0.0
nodule_max_n2	rxn02143	0.0	0.0
nodule_max_n2	rxn00598	0.0	-0.0
nodule_max_n2	rxn01754	0.0	0.0
nodule_max_n2	rxnEry1	0.0	0.0
nodule_max_n2	rxnEry2	0.0	0.0
nodule_max_n2	rxnEry3	0.0	0.0
nodule_max_n2	rxnEry4	0.0	0.0
nodule_max_n2	rxn01754a	0.0	0.0
nodule_max_n2	rxnRbtAa	0.0	0.0
nodule_max_n2	rxnRbtC	0.0	-0.0
nodule_max_n2	rxn01114	0.0	0.0
nodule_max_n2	rxn01754b	0.0	0.0
nodule_max_n2	rxnRbtAb	0.0	0.0
nodule_max_n2	rxnLalA	0.0	-0.0
nodule_max_n2	rxn00812	0.0	0.0
nodule_max_n2	rxn02174	0.0	0.0
nodule_max_n2	rxn02173	0.0	0.0
nodule_max_n2	rxn02429	0.0	0.0
nodule_max_n2	rxn00783	0.0	0.0
nodule_max_n2	rxn00867	0.0	0.0
nodule_max_n2	rxn02085	0.0	-0.0
nodule_max_n2	rxn01642	0.0	0.0
nodule_max_n2	rxn01639	0.0	0.0
nodule_max_n2	rxn07432	0.0	0.0
nodule_max_n2	rxn07433	0.0	-0.0
nodule_max_n2	rxn06586	0.0	0.0
nodule_max_n2	rxn01241c	0.2966571428571427	0.0
nodule_max_n2	rxn02866	0.0	0.0
nodule_max_n2	rxn02889	0.0	-0.0
nodule_max_n2	rxn01504	0.0	-0.0
nodule_max_n2	rxn00991	0.0	0.0
nodule_max_n2	rxn07430	0.0	0.0
nodule_max_n2	rxn07431	0.0	0.0
nodule_max_n2	rxn01925	0.0	-0.0
nodule_max_n2	rxn01924	0.0	0.0
nodule_max_n2	rxn02949	0.0	0.0
nodule_max_n2	rxn03433	0.0	0.0
nodule_max_n2	rxn01480	0.0	0.0
nodule_max_n2	rxn00671	0.0	-0.0
nodule_max_n2	rxn01355	0.2966571428571427	0.0
nodule_max_n2	rxn01996	-0.2966571428571426	-0.0
nodule_max_n2	rxn00602	0.2966571428571426	0.0
nodule_max_n2	rxn07434	0.2966571428571427	0.0
nodule_max_n2	rxn07435	0.2966571428571427	0.0
nodule_max_n2	rxn06335	-0.2966571428571427	-0.0
nodule_max_n2	rxn02270	0.0	0.0
nodule_max_n2	rxn02934	-0.2966571428571427	0.0
nodule_max_n2	rxn02933	0.2966571428571426	0.0
nodule_max_n2	rxn00676	-0.2966571428571427	-0.0
nodule_max_n2	rxn00817	0.0	-0.0
nodule_max_n2	rxn00818	0.0	-0.0
nodule_max_n2	rxn02596	0.0	0.0
nodule_max_n2	rxn00189	0.0	0.0
nodule_max_n2	rxn00182	0.0	0.0
nodule_max_n2	rxn00020c_c0	0.0	-0.0
nodule_max_n2	rxn00020g_c0	0.0	-0.0
nodule_max_n2	rxn00020m_c0	0.0	-0.0
nodule_max_n2	rxn00020s_c0	0.0	-0.0
nodule_max_n2	SINK_cpd01553_c0	0.0	0.0
nodule_max_n2	rxn00020a_c0	0.0	-0.0
nodule_max_n2	SINK_cpd00415_c0	0.0	0.0
nodule_max_n2	rxn00020mg_c0	0.0	-0.0
nodule_max_n2	rxn00892	0.0	0.0
nodule_max_n2	rxn01484	0.0	0.0
nodule_max_n2	rxn01439	0.0	0.0
nodule_max_n2	rxn00552	0.0	0.0
nodule_max_n2	rxnNAGALAMk	0.0	0.0
nodule_max_n2	rxnNAGALAMa	0.0	0.0
nodule_max_n2	rxnGALAMk	0.0	0.0
nodule_max_n2	rxn11877	0.0	0.0
nodule_max_n2	rxn02094	0.0	0.0
nodule_max_n2	rxnTAG1	0.0	0.0
nodule_max_n2	rxn00022m	0.0	0.0
nodule_max_n2	rxn00022m2	0.0	0.0
nodule_max_n2	rxn00022t	0.0	0.0
nodule_max_n2	rxnTRE1	0.0	-0.0
nodule_max_n2	rxnTRE2	0.0	-0.0
nodule_max_n2	rxnPAL1	0.0	0.0
nodule_max_n2	rxnPAL2	0.0	0.0
nodule_max_n2	rxnMALT1	0.0	0.0
nodule_max_n2	rxnMALT2	0.0	-0.0
nodule_max_n2	rxn00975	0.0	0.0
nodule_max_n2	rxn00559	0.0	0.0
nodule_max_n2	rxnPSCIS	0.0	0.0
nodule_max_n2	rxn01044	0.0	0.0
nodule_max_n2	rxn01199	0.0	0.0
nodule_max_n2	rxn00772	0.0	0.0
nodule_max_n2	rxn00547b	0.0	0.0
nodule_max_n2	rxn00879	0.0	0.0
nodule_max_n2	rxn02007	0.0	0.0
nodule_max_n2	rxn12147	0.0	0.0
nodule_max_n2	rxn12146	0.0	0.0
nodule_max_n2	rxn03932	0.0	0.0
nodule_max_n2	rxn01176	0.0	0.0
nodule_max_n2	rxn00501	0.0	0.0
nodule_max_n2	rxn00629	0.0	0.0
nodule_max_n2	rxn00634	0.0	0.0
nodule_max_n2	rxn03883	0.0	0.0
nodule_max_n2	rxn01827	0.0	0.0
nodule_max_n2	rxn01825	0.0	0.0
nodule_max_n2	rxn02276	0.0	0.0
nodule_max_n2	rxn00993	0.0	0.0
nodule_max_n2	rxnRHA1	0.0	0.0
nodule_max_n2	rxnRHA2	0.0	-0.0
nodule_max_n2	rxn01621	0.0	0.0
nodule_max_n2	rxn01053	0.0	0.0
nodule_max_n2	rxn00816	0.0	-0.0
nodule_max_n2	rxn00816b	0.0	-0.0
nodule_max_n2	rxn00816c	0.0	0.0
nodule_max_n2	rxn14044	0.0	-0.0
nodule_max_n2	rxnFUCOSE1	0.0	0.0
nodule_max_n2	rxn02617	0.0	0.0
nodule_max_n2	rxnFUCOSE2	0.0	0.0
nodule_max_n2	rxnFUCOSE3	0.0	0.0
nodule_max_n2	rxnMatB	0.0	0.0
nodule_max_n2	rxn00174	-1.621467433899562e-14	-0.0
nodule_max_n2	rxn00175	-0.7369700000000285	-0.0
nodule_max_n2	rxn00371	0.7411142857142982	0.0
nodule_max_n2	rxn10114	0.0	0.0
nodule_max_n2	rxn00083	0.0	0.0
nodule_max_n2	rxn00018	0.0	-0.0
nodule_max_n2	rxn01334	0.0	0.0
nodule_max_n2	rxn01345	0.0	0.0
nodule_max_n2	rxn01111	0.0	0.0
nodule_max_n2	rxn02569	0.0	-0.0
nodule_max_n2	rxn11747	0.0	0.0
nodule_max_n2	rxn09244	0.0	0.0
nodule_max_n2	rxn05623	0.0	0.0
nodule_max_n2	rxn01818	0.0	0.0
nodule_max_n2	rxnGFC1c	0.0	0.0
nodule_max_n2	rxn01159	0.0	0.0
nodule_max_n2	rxnGFC1a	0.0	0.0
nodule_max_n2	rxnGFC1b	0.0	0.0
nodule_max_n2	rxn00907b	0.0	0.0
nodule_max_n2	rxn01211b	0.0	0.0
nodule_max_n2	rxn00691	0.0	0.0
nodule_max_n2	rxn00374	0.0	0.0
nodule_max_n2	rxn00847	0.0	0.0
nodule_max_n2	rxn04791	0.0	0.0
nodule_max_n2	rxn04792	0.0	0.0
nodule_max_n2	rxn00377	0.0	0.0
nodule_max_n2	rxnPBdm1	0.0	-0.0
nodule_max_n2	rxnPBdm2	0.0	-0.0
nodule_max_n2	rxn01204	0.5188857142857334	0.0
nodule_max_n2	rxn01204b	-0.5188857142857334	-0.0
nodule_max_n2	rxn00509	0.0	0.0
nodule_max_n2	rxn00193	0.0	0.0
nodule_max_n2	rxn00186	0.0	0.0
nodule_max_n2	rxn05123	0.0	-0.0
nodule_max_n2	rxn05124	0.0	-0.0
nodule_max_n2	rxn05126	0.0	-0.0
nodule_max_n2	SINK_cpd11408_c0	0.0	-0.0
nodule_max_n2	rxn00165	0.0	0.0
nodule_max_n2	rxn10121	0.0	0.0
nodule_max_n2	rxn00568	0.0	0.0
nodule_max_n2	rxn10120	0.0	0.0
nodule_max_n2	rxn05890	0.0	-0.0
nodule_max_n2	rxn01806	0.0	0.0
nodule_max_n2	rxn11937	0.0	0.0
nodule_max_n2	rxn06033	0.0	0.0
nodule_max_n2	rxn00947	0.0	0.0
nodule_max_n2	rxnFAD1	0.0	0.0
nodule_max_n2	rxn03240	0.0	0.0
nodule_max_n2	rxnFAD3	0.0	0.0
nodule_max_n2	rxnFAD4	0.0	-0.0
nodule_max_n2	rxnFAD5	0.0	0.0
nodule_max_n2	rxn03241	0.0	0.0
nodule_max_n2	rxnFAD7	0.0	0.0
nodule_max_n2	rxnFAD8	0.0	-0.0
nodule_max_n2	rxnFAD9	0.0	0.0
nodule_max_n2	rxn02911	0.0	0.0
nodule_max_n2	rxnFAD11	0.0	0.0
nodule_max_n2	rxnFAD12	0.0	-0.0
nodule_max_n2	rxnFAD13	0.0	0.0
nodule_max_n2	rxn03245	0.0	0.0
nodule_max_n2	rxnFAD15	0.0	0.0
nodule_max_n2	rxnFAD16	0.0	-0.0
nodule_max_n2	rxnFAD17	0.0	0.0
nodule_max_n2	rxn03247	0.0	0.0
nodule_max_n2	rxnFAD19	0.0	0.0
nodule_max_n2	rxnFAD20	0.0	-0.0
nodule_max_n2	rxnFAD21	0.0	0.0
nodule_max_n2	rxn03250	0.0	0.0
nodule_max_n2	rxnFAD23	0.0	0.0
nodule_max_n2	rxnFAD24	0.0	-0.0
nodule_max_n2	rxn00872	0.0	0.0
nodule_max_n2	rxn02167	0.0	-0.0
nodule_max_n2	rxnFAD27	0.0	-0.0
nodule_max_n2	rxn00709	0.0	0.0
nodule_max_n2	rxn01145	0.0	0.0
nodule_max_n2	rxn01146	0.0	0.0
nodule_max_n2	rxn01028	0.0	0.0
nodule_max_n2	rxn02190	0.0	0.0
nodule_max_n2	rxn03188	0.0	0.0
nodule_max_n2	rxn02925b_c0	0.0	0.0
nodule_max_n2	rxn01127	0.0	0.0
nodule_max_n2	rxn01507	0.0	-0.0
nodule_max_n2	rxn01858	0.0	0.0
nodule_max_n2	rxn01985	0.0	0.0
nodule_max_n2	rxn01859	0.0	-0.0
nodule_max_n2	rxn00926	0.0	0.0
nodule_max_n2	rxn01297	0.0	0.0
nodule_max_n2	rxn00139	0.0	0.0
nodule_max_n2	rxn00131	-3.5686382374211915e-15	-0.0
nodule_max_n2	rxn00132	0.0	0.0
nodule_max_n2	rxn01138	3.5686382374211915e-15	0.0
nodule_max_n2	rxn00927	0.0	0.0
nodule_max_n2	rxn00836	0.0	0.0
nodule_max_n2	rxn00831	0.0	0.0
nodule_max_n2	rxn01358	0.0	0.0
nodule_max_n2	rxn01509	0.0	0.0
nodule_max_n2	rxn01445	0.0	-0.0
nodule_max_n2	rxn01446	0.0	-0.0
nodule_max_n2	rxn01225	0.0	0.0
nodule_max_n2	rxn00915	0.0	0.0
nodule_max_n2	rxn00913	0.0	0.0
nodule_max_n2	rxn01548	0.0	0.0
nodule_max_n2	rxn01226	0.0	0.0
nodule_max_n2	rxn01544	0.0	0.0
nodule_max_n2	rxn01961	0.0	0.0
nodule_max_n2	rxn01649	0.0	0.0
nodule_max_n2	rxn01545	0.0	0.0
nodule_max_n2	rxn01522	0.0	0.0
nodule_max_n2	rxn09370	3.9743364639163156e-17	0.0
nodule_max_n2	rxn01748	3.9743364639163156e-17	0.0
nodule_max_n2	rxn01746	3.974336463916315e-17	0.0
nodule_max_n2	rxn00562	3.974336463916315e-17	0.0
nodule_max_n2	rxn00101	7.948672927832629e-17	0.0
nodule_max_n2	rxn12638	0.0	0.0
nodule_max_n2	rxn12637	0.0	0.0
nodule_max_n2	rxn12634	0.0	0.0
nodule_max_n2	rxn12633	0.0	0.0
nodule_max_n2	rxn12639	0.0	0.0
nodule_max_n2	rxn12640	0.0	0.0
nodule_max_n2	rxn12641	0.0	0.0
nodule_max_n2	rxn12642	0.0	0.0
nodule_max_n2	rxn12643	0.0	0.0
nodule_max_n2	rxn12644	0.0	0.0
nodule_max_n2	rxn12646	0.0	0.0
nodule_max_n2	rxn12635	0.0	0.0
nodule_max_n2	rxn12636	0.0	0.0
nodule_max_n2	rxn12645	0.0	0.0
nodule_max_n2	rxnPC2	3.064962700333117e-17	0.0
nodule_max_n2	rxnPC4	1.0114376911099285e-16	0.0
nodule_max_n2	rxnPC9	8.89860837330048e-16	-0.0
nodule_max_n2	SOURCE_cpdEPSIIn_1_c0	0.0	0.0
nodule_max_n2	rxnEPSG1	0.0	0.0
nodule_max_n2	rxnEPSG2	0.0	-0.0
nodule_max_n2	rxnEPSG3	0.0	-0.0
nodule_max_n2	rxnEPSG4	0.0	-0.0
nodule_max_n2	SINK_cpdESPII_c0	0.0	-0.0
nodule_max_n2	rxn05964	1.0216542334443724e-17	0.0
nodule_max_n2	rxnDGTS1	1.0216542334443724e-17	0.0
nodule_max_n2	rxnDGTS2	1.0216542334443724e-17	0.0
nodule_max_n2	SINK_DGTS_c0	1.0216542334443723e-17	0.0
nodule_max_n2	rxn04684	1.0216542334443722e-15	0.0
nodule_max_n2	rxn10770	0.0	-0.0
nodule_max_n2	rxn01867	0.0	0.0
nodule_max_n2	rxn00405	0.0	0.0
nodule_max_n2	rxn00858	0.0	0.0
nodule_max_n2	rxn00470	0.0	0.0
nodule_max_n2	rxn13085	0.0	0.0
nodule_max_n2	rxn00322	0.0	0.0
nodule_max_n2	SINK_cpd01155_c0	0.0	0.0
nodule_max_n2	rxn04786	0.0	-0.0
nodule_max_n2	rxn07465	0.0	-0.0
nodule_max_n2	rxnRB1	0.0	-0.0
nodule_max_n2	rxnRB2	0.0	-0.0
nodule_max_n2	rxnRB3	0.0	-0.0
nodule_max_n2	rxnRB7	0.0	0.0
nodule_max_n2	rxnRB4	0.0	-0.0
nodule_max_n2	rxnRB5	0.0	0.0
nodule_max_n2	rxnRB6	0.0	0.0
nodule_max_n2	rxnNFBS1	0.0	-0.0
nodule_max_n2	rxnNFBS2	0.0	0.0
nodule_max_n2	rxnNFBS3	0.0	-0.0
nodule_max_n2	rxnNFBS4	0.0	0.0
nodule_max_n2	rxnNFBS5	0.0	0.0
nodule_max_n2	rxnNFBS6	0.0	-0.0
nodule_max_n2	rxnNFBS7	0.0	-0.0
nodule_max_n2	rxnNFBS8	0.0	-0.0
nodule_max_n2	rxnNFBS9	0.0	-0.0
nodule_max_n2	rxnNFBS10	0.0	-0.0
nodule_max_n2	rxnNFBS11	0.0	-0.0
nodule_max_n2	rxnNFBS12	0.0	-0.0
nodule_max_n2	rxnNFBS13	0.0	-0.0
nodule_max_n2	rxnNFBS14	0.0	-0.0
nodule_max_n2	rxnNFBS15	0.0	0.0
nodule_max_n2	SINK_cpdNodF_c0	0.0	0.0
nodule_max_n2	rxnBLTPcpd00851	0.0	0.0
nodule_max_n2	rxnBLTPcpd02175	0.0	0.0
nodule_max_n2	rxn08139	0.0	0.0
nodule_max_n2	rxnGFTP5	0.0	0.0
nodule_max_n2	rxn05165	0.0	0.0
nodule_max_n2	rxn09046	0.0	0.0
nodule_max_n2	rxn09269lm	1.1121999999999999	0.0
nodule_max_n2	rxn05561	0.0	0.0
nodule_max_n2	rxnBLTPcpd00197	0.0	0.0
nodule_max_n2	rxnBLTPcpd00392	0.0	0.0
nodule_max_n2	rxnGFTP3	0.0	0.0
nodule_max_n2	rxnGFTP4	0.0	0.0
nodule_max_n2	rxn08573	0.0	0.0
nodule_max_n2	rxn05164	0.0	0.0
nodule_max_n2	rxn05161	0.0	0.0
nodule_max_n2	rxn05168	0.0	0.0
nodule_max_n2	rxn05179	0.0	0.0
nodule_max_n2	rxnBLTPcpd03198	0.0	0.0
nodule_max_n2	rxnBLTPcpd00382	0.0	0.0
nodule_max_n2	rxnBLTPcpd01133	0.0	0.0
nodule_max_n2	rxn10144	0.0	0.0
nodule_max_n2	rxnBLGFcpd00041	0.0	0.0
nodule_max_n2	rxn05146	0.0	0.0
nodule_max_n2	rxn08624	0.0	0.0
nodule_max_n2	rxnBLTPcpd00158	0.0	0.0
nodule_max_n2	rxnBLTPcpd05158	0.0	0.0
nodule_max_n2	rxnBLTPcpdMANB	0.0	0.0
nodule_max_n2	rxnBLTPcpd01030	0.0	0.0
nodule_max_n2	rxnBLTPcpd03696	0.0	0.0
nodule_max_n2	rxnBLTPcpd00589	0.0	0.0
nodule_max_n2	rxnBLTPcpd00100	0.0	0.0
nodule_max_n2	rxn10839	0.0	0.0
nodule_max_n2	rxn05170	0.0	0.0
nodule_max_n2	rxnBLTPcpd20885	0.0	0.0
nodule_max_n2	rxn08875	0.0	0.0
nodule_max_n2	rxnBLTPcpd01200	0.0	0.0
nodule_max_n2	rxnBLTPcpdMALT	0.0	0.0
nodule_max_n2	rxnBLTPcpd00138	0.0	0.0
nodule_max_n2	rxnBLTPcpd03884	0.0	0.0
nodule_max_n2	rxn05167	0.0	0.0
nodule_max_n2	rxn05160	0.0	0.0
nodule_max_n2	rxnBLGFcpd00121	0.0	0.0
nodule_max_n2	rxnBLTPcpd00314	0.0	0.0
nodule_max_n2	rxnBLTPcpd00588	0.0	0.0
nodule_max_n2	rxnBLTPcpd01307	0.0	0.0
nodule_max_n2	rxnBLTPcpd00020	0.0	0.0
nodule_max_n2	rxnBLTPcpd00069	0.0	0.0
nodule_max_n2	rxnBLTPcpd00797	0.0	0.0
nodule_max_n2	rxnBLTPcpd00142	0.0	0.0
nodule_max_n2	rxn10131	0.0	0.0
nodule_max_n2	rxnBLTPcpd00082	0.0	0.0
nodule_max_n2	rxnGFTP8	0.0	0.0
nodule_max_n2	rxnBLTPcpd00208	0.0	0.0
nodule_max_n2	rxnBLTPcpd04349	0.0	0.0
nodule_max_n2	rxnBLTPcpd02274	0.0	0.0
nodule_max_n2	rxn05538	0.0	0.0
nodule_max_n2	rxn05537	0.0	0.0
nodule_max_n2	rxn05534	0.0	0.0
nodule_max_n2	rxn05533	0.0	0.0
nodule_max_n2	rxn05540	0.0	0.0
nodule_max_n2	rxn05541	0.0	0.0
nodule_max_n2	rxn05542	0.0	0.0
nodule_max_n2	rxn05543	0.0	0.0
nodule_max_n2	rxn05544	0.0	0.0
nodule_max_n2	rxn05545	0.0	0.0
nodule_max_n2	rxn05547	0.0	0.0
nodule_max_n2	rxn05535	0.0	0.0
nodule_max_n2	rxn05536	0.0	0.0
nodule_max_n2	rxn05546	0.0	0.0
nodule_max_n2	rxn10170	0.0	0.0
nodule_max_n2	rxnBLTPcpd00182	0.0	0.0
nodule_max_n2	rxnBLTPcpd00246	0.0	0.0
nodule_max_n2	rxnBLTPcpd00249	0.0	0.0
nodule_max_n2	rxnBLTPcpd11603	0.0	0.0
nodule_max_n2	rxnBLTPcpd00751	0.0	0.0
nodule_max_n2	rxn10883	0.0	0.0
nodule_max_n2	rxnBLTPcpd00281	0.0	0.0
nodule_max_n2	rxn12569	0.0	0.0
nodule_max_n2	rxnBLTPcpd00029	0.0	0.0
nodule_max_n2	rxnBLTPcpd00047	0.0	0.0
nodule_max_n2	rxn08212	0.0	0.0
nodule_max_n2	rxnGFTP10b	0.0	-0.0
nodule_max_n2	rxn05637b	0.0	0.0
nodule_max_n2	rxnGFTP10	0.0	0.0
nodule_max_n2	rxn05637	0.0	0.0
nodule_max_n2	rxnBLTPcpd00128	0.0	0.0
nodule_max_n2	rxn05682	0.0	-0.0
nodule_max_n2	rxnBLTPcpd01092	0.0	0.0
nodule_max_n2	rxnBLTPcpd00117	0.0	0.0
nodule_max_n2	rxnBLTPcpd00186	0.0	0.0
nodule_max_n2	rxnBLTPcpd00207	0.0	0.0
nodule_max_n2	rxnBLTPcpd00311	0.0	0.0
nodule_max_n2	rxnBLTPcpd00274	0.0	0.0
nodule_max_n2	rxnBLTPcpd00073	0.0	0.0
nodule_max_n2	rxnBLTPcpd01293	0.0	0.0
nodule_max_n2	rxnBLTPcpd00187	0.0	0.0
nodule_max_n2	rxnBLTPcpd00378	0.0	0.0
nodule_max_n2	rxnGFTPcpd00242	0.0	0.0
nodule_max_n2	rxn05625	0.0	-0.0
nodule_max_n2	rxn05627	0.0	0.0
nodule_max_n2	rxnGFTPcpd00209	0.0	0.0
nodule_max_n2	rxnBLTPcpd00184	0.0	0.0
nodule_max_n2	rxnBLTPcpd00151	0.0	0.0
nodule_max_n2	rxnBLTPcpd00092	0.0	0.0
nodule_max_n2	rxn05197	0.0	0.0
nodule_max_n2	rxnBLTPcpd00300	3.974336463916316e-17	0.0
nodule_max_n2	rxn05202	0.0	0.0
nodule_max_n2	rxnBLTPcpd01217	0.0	0.0
nodule_max_n2	rxn05163	0.0	0.0
nodule_max_n2	rxnBLTPcpd00152	0.0	0.0
nodule_max_n2	rxnBLTPcpd00122	0.0	0.0
nodule_max_n2	rxnBLTPcpd00276	0.0	0.0
nodule_max_n2	rxnBLTPcpd00832	0.0	0.0
nodule_max_n2	rxnBLTPcpd01524	0.0	0.0
nodule_max_n2	rxn05667	0.0	0.0
nodule_max_n2	rxnGFTPcpd00441	0.0	0.0
nodule_max_n2	rxnGFTPcpd01078	0.0	0.0
nodule_max_n2	EX_cpd00851_e0	0.0	-0.0
nodule_max_n2	EX_cpd02175_e0	0.0	-0.0
nodule_max_n2	EX_cpd00224_e0	0.0	0.0
nodule_max_n2	EX_cpd00567_e0	0.0	-0.0
nodule_max_n2	EX_cpd00129_e0	0.0	-0.0
nodule_max_n2	EX_cpd00064_e0	0.0	-0.0
nodule_max_n2	EX_cpd00130_e0	-1.1122	-0.0
nodule_max_n2	EX_cpd00106_e0	0.0	-0.0
nodule_max_n2	EX_cpd00197_e0	0.0	0.0
nodule_max_n2	EX_cpd00392_e0	0.0	-0.0
nodule_max_n2	EX_cpd00366_e0	0.0	-0.0
nodule_max_n2	EX_cpd00417_e0	0.0	-0.0
nodule_max_n2	EX_cpd00108_e0	0.0	-0.0
nodule_max_n2	EX_cpd00119_e0	0.0	-0.0
nodule_max_n2	EX_cpd00107_e0	0.0	0.0
nodule_max_n2	EX_cpd00156_e0	0.0	0.0
nodule_max_n2	EX_cpd00322_e0	0.0	0.0
nodule_max_n2	EX_cpd03198_e0	0.0	-0.0
nodule_max_n2	EX_cpd00382_e0	0.0	-0.0
nodule_max_n2	EX_cpd01133_e0	0.0	-0.0
nodule_max_n2	EX_cpd00132_e0	0.0	-0.0
nodule_max_n2	EX_cpd00041_e0	0.0	-0.0
nodule_max_n2	EX_cpd00023_e0	0.0	0.0
nodule_max_n2	EX_cpd00053_e0	0.0	-0.0
nodule_max_n2	EX_cpd00158_e0	0.0	-0.0
nodule_max_n2	EX_cpd05158_e0	0.0	-0.0
nodule_max_n2	EX_cpdMNBE_e0	0.0	-0.0
nodule_max_n2	EX_cpd01030_e0	0.0	-0.0
nodule_max_n2	EX_cpd03696_e0	0.0	-0.0
nodule_max_n2	EX_cpd00122_e0	0.0	-0.0
nodule_max_n2	EX_cpd00276_e0	0.0	-0.0
nodule_max_n2	EX_cpd00832_e0	0.0	-0.0
nodule_max_n2	EX_cpd01524_e0	0.0	-0.0
nodule_max_n2	EX_cpd00589_e0	0.0	-0.0
nodule_max_n2	EX_cpd00100_e0	0.0	0.0
nodule_max_n2	EX_cpd00794_e0	0.0	-0.0
nodule_max_n2	EX_cpd00179_e0	0.0	-0.0
nodule_max_n2	EX_cpd20885_e0	0.0	-0.0
nodule_max_n2	EX_cpd01262_e0	0.0	-0.0
nodule_max_n2	EX_cpd01200_e0	0.0	-0.0
nodule_max_n2	EX_cpdMALT_e0	0.0	-0.0
nodule_max_n2	EX_cpd00138_e0	0.0	-0.0
nodule_max_n2	EX_cpd03884_e0	0.0	-0.0
nodule_max_n2	EX_cpd00154_e0	0.0	-0.0
nodule_max_n2	EX_cpd00121_e0	0.0	0.0
nodule_max_n2	EX_cpd00314_e0	0.0	-0.0
nodule_max_n2	EX_cpd00588_e0	0.0	-0.0
nodule_max_n2	EX_cpd01307_e0	0.0	-0.0
nodule_max_n2	EX_cpd00105_e0	0.0	-0.0
nodule_max_n2	EX_cpd00020_e0	0.0	0.0
nodule_max_n2	EX_cpd00069_e0	0.0	-0.0
nodule_max_n2	EX_cpd00797_e0	0.0	0.0
nodule_max_n2	EX_cpd00142_e0	0.0	-0.0
nodule_max_n2	EX_cpd00051_e0	0.0	-0.0
nodule_max_n2	EX_cpd00082_e0	0.0	-0.0
nodule_max_n2	EX_cpd00396_e0	0.0	-0.0
nodule_max_n2	EX_cpd00208_e0	0.0	-0.0
nodule_max_n2	EX_cpd04349_e0	0.0	-0.0
nodule_max_n2	EX_cpd02274_e0	0.0	-0.0
nodule_max_n2	EX_cpd00035_e0	0.0	0.0
nodule_max_n2	EX_cpd00182_e0	0.0	-0.0
nodule_max_n2	EX_cpd00246_e0	0.0	-0.0
nodule_max_n2	EX_cpd00249_e0	0.0	-0.0
nodule_max_n2	EX_cpd11588_e0	0.0	-0.0
nodule_max_n2	EX_cpd11589_e0	0.0	-0.0
nodule_max_n2	EX_cpd11592_e0	0.0	-0.0
nodule_max_n2	EX_cpd11593_e0	0.0	-0.0
nodule_max_n2	EX_cpd11587_e0	0.0	-0.0
nodule_max_n2	EX_cpd11586_e0	0.0	0.0
nodule_max_n2	EX_cpd11585_e0	0.0	-0.0
nodule_max_n2	EX_cpd11584_e0	0.0	-0.0
nodule_max_n2	EX_cpd11583_e0	0.0	0.0
nodule_max_n2	EX_cpd11582_e0	0.0	-0.0
nodule_max_n2	EX_cpd11580_e0	0.0	-0.0
nodule_max_n2	EX_cpd11591_e0	0.0	-0.0
nodule_max_n2	EX_cpd11590_e0	0.0	-0.0
nodule_max_n2	EX_cpd11581_e0	0.0	-0.0
nodule_max_n2	EX_cpd11603_e0	0.0	-0.0
nodule_max_n2	EX_cpd00751_e0	0.0	0.0
nodule_max_n2	EX_cpd00054_e0	0.0	-0.0
nodule_max_n2	EX_cpd00281_e0	0.0	0.0
nodule_max_n2	EX_cpd00308_e0	0.0	0.0
nodule_max_n2	EX_cpd00029_e0	0.0	-0.0
nodule_max_n2	EX_cpd00047_e0	0.0	-0.0
nodule_max_n2	EX_cpd00098_e0	0.0	-0.0
nodule_max_n2	EX_cpd00540_e0	0.0	0.0
nodule_max_n2	EX_cpd07061_e0	0.0	0.0
nodule_max_n2	EX_cpd00128_e0	0.0	-0.0
nodule_max_n2	EX_cpd01092_e0	0.0	0.0
nodule_max_n2	EX_cpd00117_e0	0.0	0.0
nodule_max_n2	EX_cpd00186_e0	0.0	0.0
nodule_max_n2	EX_cpd00207_e0	0.0	-0.0
nodule_max_n2	EX_cpd00311_e0	0.0	-0.0
nodule_max_n2	EX_cpd00274_e0	0.0	-0.0
nodule_max_n2	EX_cpd00073_e0	0.0	-0.0
nodule_max_n2	EX_cpd01293_e0	0.0	0.0
nodule_max_n2	EX_cpd00378_e0	0.0	-0.0
nodule_max_n2	EX_cpd00187_e0	0.0	-0.0
nodule_max_n2	EX_cpd00242_e0	0.0	0.0
nodule_max_n2	EX_cpd00075_e0	0.0	-0.0
nodule_max_n2	EX_cpd00209_e0	0.0	-0.0
nodule_max_n2	EX_cpd00184_e0	0.0	-0.0
nodule_max_n2	EX_cpd00151_e0	0.0	-0.0
nodule_max_n2	EX_cpd00092_e0	0.0	-0.0
nodule_max_n2	EX_cpd00300_e0	-3.974336463916316e-17	0.0
nodule_max_n2	EX_cpd00309_e0	0.0	-0.0
nodule_max_n2	EX_cpd01217_e0	0.0	0.0
nodule_max_n2	EX_cpd00118_e0	0.0	-0.0
nodule_max_n2	EX_cpd00152_e0	0.0	-0.0
nodule_max_n2	EX_cpd00528_e0	0.0	0.0
nodule_max_n2	EX_cpd00441_e0	0.0	-0.0
nodule_max_n2	EX_cpd01078_e0	0.0	0.0
nodule_max_n2	EX_cpd00012_e0	0.0	0.0
nodule_max_n2	EX_cpd00033_e0	0.0	0.0
nodule_max_n2	EX_cpd00039_e0	0.0	-0.0
nodule_max_n2	EX_cpd00058_e0	0.0	0.0
nodule_max_n2	EX_cpd00060_e0	0.0	-0.0
nodule_max_n2	EX_cpd00066_e0	0.0	-0.0
nodule_max_n2	EX_cpd00080_e0	0.0	-0.0
nodule_max_n2	EX_cpd00084_e0	0.0	-0.0
nodule_max_n2	EX_cpd00137_e0	0.0	0.0
nodule_max_n2	EX_cpd00147_e0	1.0216542334443724e-15	0.0
nodule_max_n2	EX_cpd00155_e0	0.0	-0.0
nodule_max_n2	EX_cpd00159_e0	0.0	0.0
nodule_max_n2	EX_cpd00161_e0	0.0	-0.0
nodule_max_n2	EX_cpd00222_e0	0.0	0.0
nodule_max_n2	EX_cpd00226_e0	0.0	-0.0
nodule_max_n2	EX_cpd00227_e0	0.0	-0.0
nodule_max_n2	EX_cpd00264_e0	0.0	-0.0
nodule_max_n2	EX_cpd00305_e0	0.0	0.0
nodule_max_n2	EX_cpd00307_e0	0.0	-0.0
nodule_max_n2	EX_cpd00367_e0	0.0	-0.0
nodule_max_n2	EX_cpd00386_e0	0.0	0.0
nodule_max_n2	EX_cpd00919_e0	0.0	0.0
nodule_max_n2	EX_cpd01012_e0	0.0	0.0
nodule_max_n2	EX_cpd01017_e0	0.0	-0.0
nodule_max_n2	EX_cpd01242_e0	0.0	-0.0
nodule_max_n2	EX_cpd01914_e0	0.0	-0.0
nodule_max_n2	EX_cpd02233_e0	0.0	0.0
nodule_max_n2	EX_cpd11574_e0	0.0	0.0
nodule_max_n2	EX_cpd11640_e0	0.0	0.0
nodule_max_n2	EX_cpd15302_c0	2.0407109755526245e-31	0.0
nodule_max_n2	EX_cpd15603_e0	0.0	-0.0
nodule_max_n2	EX_cpd15604_e0	0.0	0.0
nodule_max_n2	EX_cpd15605_e0	0.0	-0.0
nodule_max_n2	EX_cpd15606_e0	0.0	-0.0
nodule_max_n2	EX_cpdFixed_e0	0.0	0.0
nodule_max_n2	rxn00001a	0.0	0.0
nodule_max_n2	rxn00010_c0	0.0	-0.0
nodule_max_n2	rxn00145_c0	0.0	0.0
nodule_max_n2	rxn00146	0.0	0.0
nodule_max_n2	rxn00151_c0	0.22222857142858957	0.0
nodule_max_n2	rxn00160_c0	0.0	0.0
nodule_max_n2	rxn00173_c0	-0.7369700000000285	-0.0
nodule_max_n2	rxn00225_c0	0.7369700000000285	0.0
nodule_max_n2	rxn00227_c0	0.0	0.0
nodule_max_n2	rxn00228	0.0	0.0
nodule_max_n2	rxn00265_c0	0.0	0.0
nodule_max_n2	rxn00274_c0	0.0	-0.0
nodule_max_n2	rxn00336_c0	0.29665714285712425	0.0
nodule_max_n2	rxn00350_c0	0.0	-0.0
nodule_max_n2	rxn00363_c0	0.0	0.0
nodule_max_n2	rxn00383	0.5147414285714349	0.0
nodule_max_n2	rxn00407_c0	0.0	0.0
nodule_max_n2	rxn00422_c0	0.0	0.0
nodule_max_n2	rxn00440_c0	0.0	0.0
nodule_max_n2	rxn00506_c0	0.0	0.0
nodule_max_n2	rxn00541_c0	0.0	0.0
nodule_max_n2	rxn00548_c0	0.0	0.0
nodule_max_n2	rxn00551_c0	2.6095726906258342e-16	-0.0
nodule_max_n2	rxn00558_c0	2.609572690625835e-16	0.0
nodule_max_n2	rxn00566_c0	0.0	0.0
nodule_max_n2	rxn00605_c0	0.0	0.0
nodule_max_n2	rxn00609_c0	0.0	-0.0
nodule_max_n2	rxn00616_c0	0.0	0.0
nodule_max_n2	rxn00650_c0	0.0	0.0
nodule_max_n2	rxn00656_c0	0.0	0.0
nodule_max_n2	rxn00669_c0	0.0	-0.0
nodule_max_n2	rxn00670_c0	0.0	0.0
nodule_max_n2	rxn00708_c0	0.0	0.0
nodule_max_n2	rxn00717_c0	0.0	0.0
nodule_max_n2	rxn00743_c0	0.0	0.0
nodule_max_n2	rxn00744_c0	-1.0216542334443718e-15	-0.0
nodule_max_n2	rxn00748_c0	0.0	0.0
nodule_max_n2	rxn00762_c0	-1.0216542334443716e-15	-0.0
nodule_max_n2	rxn00763_c0	0.0	-0.0
nodule_max_n2	rxn00784_c0	0.0	-0.0
nodule_max_n2	rxn00868_c0	0.0	0.0
nodule_max_n2	rxn00881_c0	0.0	0.0
nodule_max_n2	rxn00908	0.5188857142857138	0.0
nodule_max_n2	rxn00985_c0	0.0	0.0
nodule_max_n2	rxn01011	0.0	-0.0
nodule_max_n2	rxn01013_c0	0.0	0.0
nodule_max_n2	rxn01015_c0	0.0	0.0
nodule_max_n2	rxn01068_c0	0.0	0.0
nodule_max_n2	rxn01103_c0	0.0	0.0
nodule_max_n2	rxn01121_c0	0.0	0.0
nodule_max_n2	rxn01123_c0	0.0	-0.0
nodule_max_n2	rxn01134_c0	0.0	-0.0
nodule_max_n2	rxn01137_c0	0.0	0.0
nodule_max_n2	rxn01143_c0	0.0	0.0
nodule_max_n2	rxn01187_c0	0.0	0.0
nodule_max_n2	rxn01274_c0	0.0	0.0
nodule_max_n2	rxn01275_c0	0.0	0.0
nodule_max_n2	rxn01278_c0	0.0	-0.0
nodule_max_n2	rxn01280_c0	0.0	0.0
nodule_max_n2	rxn01281_c0	0.0	0.0
nodule_max_n2	rxn01286_c0	0.0	0.0
nodule_max_n2	rxn01299_c0	0.0	0.0
nodule_max_n2	rxn01352_c0	0.0	-0.0
nodule_max_n2	rxn01368_c0	0.0	0.0
nodule_max_n2	rxn01396_c0	0.0	-0.0
nodule_max_n2	rxn01452_c0	0.0	0.0
nodule_max_n2	rxn01518_c0	0.0	0.0
nodule_max_n2	rxn01519_c0	0.0	0.0
nodule_max_n2	rxn01521_c0	0.0	0.0
nodule_max_n2	rxn01799_c0	0.0	-0.0
nodule_max_n2	rxn01834_c0	0.0	0.0
nodule_max_n2	rxn01923_c0	0.0	0.0
nodule_max_n2	rxn01986_c0	0.0	-0.0
nodule_max_n2	rxn01987_c0	0.0	-0.0
nodule_max_n2	rxn02004	0.0	0.0
nodule_max_n2	rxn02102_c0	0.0	-0.0
nodule_max_n2	rxn02103_c0	0.0	0.0
nodule_max_n2	rxn02168_c0	0.0	-0.0
nodule_max_n2	rxn02268_c0	0.14832857142857134	0.0
nodule_max_n2	rxn02345_c0	0.0	0.0
nodule_max_n2	rxn02900_c0	0.0	-0.0
nodule_max_n2	rxn03953_c0	0.0	-0.0
nodule_max_n2	rxn03954_c0	0.0	0.0
nodule_max_n2	rxn03990_c0	0.0	0.0
nodule_max_n2	rxn03991_c0	0.0	0.0
nodule_max_n2	rxn05158_c0	0.0	0.0
nodule_max_n2	rxn05175_c0	0.0	0.0
nodule_max_n2	rxn05177_c0	0.0	0.0
nodule_max_n2	rxn05201_c0	0.0	0.0
nodule_max_n2	rxn05219_c0	0.0	0.0
nodule_max_n2	rxn05305_c0	0.0	-0.0
nodule_max_n2	rxn05315_c0	0.0	-0.0
nodule_max_n2	rxn05516_c0	0.0	0.0
nodule_max_n2	rxn05517_c0	0.0	0.0
nodule_max_n2	rxn05527_c0	0.0	0.0
nodule_max_n2	rxn05528_c0	0.0	0.0
nodule_max_n2	rxn05539_c0	0.0	0.0
nodule_max_n2	rxn05549_c0	0.0	0.0
nodule_max_n2	rxn05557_c0	0.0	0.0
nodule_max_n2	rxn05613_c0	0.0	0.0
nodule_max_n2	rxn05618_c0	0.0	0.0
nodule_max_n2	rxn05619	0.0	0.0
nodule_max_n2	rxn05638_c0	0.0	0.0
nodule_max_n2	rxn05740_c0	-9.611350591484893e-16	-0.0
nodule_max_n2	rxn05937_c0	0.0	-0.0
nodule_max_n2	rxn06075	0.0	0.0
nodule_max_n2	rxn06077_c0	0.0	-0.0
nodule_max_n2	rxn06377_c0	0.0	0.0
nodule_max_n2	rxn06493_c0	0.0	0.0
nodule_max_n2	rxn06600_c0	0.0	0.0
nodule_max_n2	rxn06874_c0	0.0	0.0
nodule_max_n2	rxn08291_c0	0.0	0.0
nodule_max_n2	rxn08853	0.0	0.0
nodule_max_n2	rxn08920	0.0	0.0
nodule_max_n2	rxn08946	0.0	-0.0
nodule_max_n2	rxn08975_c0	0.0	0.0
nodule_max_n2	rxn09269dm_c0	0.0	0.0
nodule_max_n2	rxn09692_c0	0.0	0.0
nodule_max_n2	rxn10116_c0	0.0	0.0
nodule_max_n2	rxn10168_c0	0.0	0.0
nodule_max_n2	rxn10474_c0	0.0	-5.600505045593127e-15
nodule_max_n2	rxn10481_c0	0.0	0.0
nodule_max_n2	rxn10537_c0	0.0	0.0
nodule_max_n2	rxn11268_c0	0.0	0.0
nodule_max_n2	rxn12844_c0	0.0	0.0
nodule_max_n2	rxn12845_c0	0.0	0.0
nodule_max_n2	rxn12846_c0	0.0	0.0
nodule_max_n2	rxn12847_c0	0.0	0.0
nodule_max_n2	rxn12848_c0	0.0	0.0
nodule_max_n2	rxn12849_c0	0.0	0.0
nodule_max_n2	rxn12850_c0	0.0	0.0
nodule_max_n2	rxn12851_c0	0.0	0.0
nodule_max_n2	rxn13799_e0	1.0216542334443724e-15	0.0
nodule_max_n2	rxnBLTPcpd00066	0.0	0.0
nodule_max_n2	rxnBLTPcpd00084	0.0	0.0
nodule_max_n2	rxnBLTPcpd00155	0.0	0.0
nodule_max_n2	rxnBLTPcpd00159	0.0	0.0
nodule_max_n2	rxnBLTPcpd00161	0.0	0.0
nodule_max_n2	rxnBLTPcpd00227	0.0	0.0
nodule_max_n2	rxnBLTPcpd00367	0.0	0.0
nodule_max_n2	rxnGFTP9	0.0	0.0
nodule_max_n2	rxnGFTPcpd00528	0.0	0.0
nodule_max_n2	rxnGFTPcpd00919	0.0	0.0
nodule_max_n2	rxnGFTPcpd11640	0.0	0.0
nodule_max_n2	rxnNifS_c0	0.0	0.0
nodule_max_n2	rxnNifU	0.0	0.0
nodule_max_n2	rxnPhnY	0.0	0.0
nodule_max_n2	rxnSymCof_c0	0.0	-7.105427357601002e-15
nodule_max_n2	symbiosis_c0	0.0	5.551115123125783e-17
