current_id,name,formula,compartment,charge,suggested_new_id
cpd00001[c0],H2O_c0,H2O,c0,0,
cpd00001[e0],H2O_e0,H2O,e0,0,
cpd00002[c0],ATP_c0,C10H12N5O13P3,c0,-4,
cpd00003[c0],NAD_c0,C21H26N7O14P2,c0,-1,
cpd00004[c0],NADH_c0,C21H27N7O14P2,c0,-2,
cpd00005[c0],NADPH_c0,C21H26N7O17P3,c0,-4,
cpd00006[c0],NADP_c0,C21H25N7O17P3,c0,-3,
cpd00007[c0],O2_c0,O2,c0,0,
cpd00007[e0],O2_e0,O2,e0,0,
cpd00008[c0],ADP_c0,C10H12N5O10P2,c0,-3,
cpd00009[c0],Phosphate_c0,HO4P,c0,-2,
cpd00009[e0],Phosphate_e0,HO4P,e0,-2,
cpd00010[c0],CoA_c0,C21H32N7O16P3S,c0,-4,
cpd00011[c0],CO2_c0,CO2,c0,0,
cpd00011[e0],CO2_e0,CO2,e0,0,
cpd00012[c0],PPi_c0,HO7P2,c0,-3,
cpd00012[e0],PPi_e0,HO7P2,e0,-3,
cpd00013[c0],NH3_c0,H4N,c0,1,
cpd00013[e0],NH3_e0,H4N,e0,1,
cpd00014[c0],UDP_c0,C9H11N2O12P2,c0,-3,
cpd00015[c0],FAD_c0,C27H30N9O15P2,c0,-3,
cpd00016[c0],Pyridoxal_phosphate_c0,C8H8NO6P,c0,-2,
cpd00017[c0],S_Adenosyl_L_methionine_c0,C15H23N6O5S,c0,1,
cpd00018[c0],AMP_c0,C10H12N5O7P,c0,-2,
cpd00019[c0],S_Adenosyl_homocysteine_c0,C14H20N6O5S,c0,0,
cpd00020[c0],Pyruvate_c0,C3H3O3,c0,-1,
cpd00020[e0],Pyruvate_e0,C3H3O3,e0,-1,
cpd00022[c0],Acetyl_CoA_c0,C23H34N7O17P3S,c0,-4,
cpd00023[c0],L_Glutamate_c0,C5H8NO4,c0,-1,
cpd00023[e0],L_Glutamate_e0,C5H8NO4,e0,-1,
cpd00024[c0],2_Oxoglutarate_c0,C5H4O5,c0,-2,
cpd00025[c0],H2O2_c0,H2O2,c0,0,
cpd00026[c0],UDP_glucose_c0,C15H22N2O17P2,c0,-2,
cpd00027[c0],D_Glucose_c0,C6H12O6,c0,0,
cpd00027[e0],D_Glucose_e0,C6H12O6,e0,0,
cpd00028[c0],Heme_c0,C34H30FeN4O4,c0,-2,
cpd00029[c0],Acetate_c0,C2H3O2,c0,-1,
cpd00029[e0],Acetate_e0,C2H3O2,e0,-1,
cpd00030[c0],Mn2_c0,Mn,c0,2,
cpd00030[e0],Mn2_e0,Mn,e0,2,
cpd00031[c0],GDP_c0,C10H12N5O11P2,c0,-3,
cpd00032[c0],Oxaloacetate_c0,C4H2O5,c0,-2,
cpd00033[c0],Glycine_c0,C2H5NO2,c0,0,
cpd00033[e0],Glycine_e0,C2H5NO2,e0,0,
cpd00034[c0],Zn2_c0,Zn,c0,2,
cpd00034[e0],Zn2_e0,Zn,e0,2,
cpd00035[c0],L_Alanine_c0,C3H7NO2,c0,0,
cpd00035[e0],L_Alanine_e0,C3H7NO2,e0,0,
cpd00036[c0],Succinate_c0,C4H4O4,c0,-2,
cpd00036[e0],Succinate_e0,C4H4O4,e0,-2,
cpd00037[c0],UDP_N_acetylglucosamine_c0,C17H25N3O17P2,c0,-2,
cpd00038[c0],GTP_c0,C10H12N5O14P3,c0,-4,
cpd00039[c0],L_Lysine_c0,C6H15N2O2,c0,1,
cpd00039[e0],L_Lysine_e0,C6H15N2O2,e0,1,
cpd00040[c0],Glyoxalate_c0,C2HO3,c0,-1,
cpd00041[c0],L_Aspartate_c0,C4H6NO4,c0,-1,
cpd00041[e0],L_Aspartate_e0,C4H6NO4,e0,-1,
cpd00042[c0],GSH_c0,C10H16N3O6S,c0,-1,
cpd00043[c0],UDP_galactose_c0,C15H22N2O17P2,c0,-2,
cpd00044b[c0],3_phosphoadenylylsulfate_c0,C10H11N5O13P2S,c0,-4,
cpd00045[c0],Adenosine_3_5_bisphosphate_c0,C10H11N5O10P2,c0,-4,
cpd00046[c0],CMP_c0,C9H12N3O8P,c0,-2,
cpd00047[c0],Formate_c0,CHO2,c0,-1,
cpd00047[e0],Formate_e0,CHO2,e0,-1,
cpd00048[c0],Sulfate_c0,O4S,c0,-2,
cpd00048[e0],Sulfate_e0,O4S,e0,-2,
cpd00050[c0],FMN_c0,C17H18N4O9P,c0,-3,
cpd00051[c0],L_Arginine_c0,C6H15N4O2,c0,1,
cpd00051[e0],L_Arginine_e0,C6H15N4O2,e0,1,
cpd00052[c0],CTP_c0,C9H12N3O14P3,c0,-4,
cpd00053[c0],L_Glutamine_c0,C5H10N2O3,c0,0,
cpd00053[e0],L_Glutamine_e0,C5H10N2O3,e0,0,
cpd00054[c0],L_Serine_c0,C3H7NO3,c0,0,
cpd00054[e0],L_Serine_e0,C3H7NO3,e0,0,
cpd00055[c0],Formaldehyde_c0,CH2O,c0,0,
cpd00056[c0],TPP_c0,C12H16N4O7P2S,c0,-2,
cpd00058[c0],Cu2_c0,Cu,c0,2,
cpd00058[e0],Cu2_e0,Cu,e0,2,
cpd00060[c0],L_Methionine_c0,C5H11NO2S,c0,0,
cpd00060[e0],L_Methionine_e0,C5H11NO2S,e0,0,
cpd00061[c0],Phosphoenolpyruvate_c0,C3H2O6P,c0,-3,
cpd00062[c0],UTP_c0,C9H11N2O15P3,c0,-4,
cpd00063[c0],Ca2_c0,Ca,c0,2,
cpd00063[e0],Ca2_e0,Ca,e0,2,
cpd00064[c0],Ornithine_c0,C5H13N2O2,c0,1,
cpd00064[e0],Ornithine_e0,C5H13N2O2,e0,1,
cpd00065[c0],L_Tryptophan_c0,C11H12N2O2,c0,0,
cpd00066[c0],L_Phenylalanine_c0,C9H11NO2,c0,0,
cpd00066[e0],L_Phenylalanine_e0,C9H11NO2,e0,0,
cpd00067[c0],H_c0,H,c0,1,
cpd00067[e0],H_e0,H,e0,1,
cpd00069[c0],L_Tyrosine_c0,C9H11NO3,c0,0,
cpd00069[e0],L_Tyrosine_e0,C9H11NO3,e0,0,
cpd00070[c0],Malonyl_CoA_c0,C24H33N7O19P3S,c0,-5,
cpd00071[c0],Acetaldehyde_c0,C2H4O,c0,0,
cpd00072[c0],D_fructose_6_phosphate_c0,C6H11O9P,c0,-2,
cpd00073[c0],Urea_c0,CH4N2O,c0,0,
cpd00073[e0],Urea_e0,CH4N2O,e0,0,
cpd00074[c0],Sulfur atom,S,c0,-2,
cpd00075[c0],Nitrite_c0,NO2,c0,-1,
cpd00075[e0],Nitrite_e0,NO2,e0,-1,
cpd00076[c0],Sucrose_c0,C12H22O11,c0,0,
cpd00076[e0],Sucrose_e0,C12H22O11,e0,0,
cpd00078[c0],Succinyl_CoA_c0,C25H35N7O19P3S,c0,-5,
cpd00079[c0],D_glucose_6_phosphate_c0,C6H11O9P,c0,-2,
cpd00080[c0],Glycerol_3_phosphate_c0,C3H7O6P,c0,-2,
cpd00080[e0],Glycerol_3_phosphate_e0,C3H7O6P,e0,-2,
cpd00081[c0],Sulfite_c0,O3S,c0,-2,
cpd00082[c0],D_Fructose_c0,C6H12O6,c0,0,
cpd00082[e0],D_Fructose_e0,C6H12O6,e0,0,
cpd00082b[c0],D_Fructose_c0,C6H12O6,c0,0,
cpd00083[c0],GDP_mannose_c0,C16H23N5O16P2,c0,-2,
cpd00084[c0],L_Cysteine_c0,C3H7NO2S,c0,0,
cpd00084[e0],L_Cysteine_e0,C3H7NO2S,e0,0,
cpd00085[c0],beta_Alanine_c0,C3H7NO2,c0,0,
cpd00086[c0],Propionyl_CoA_c0,C24H36N7O17P3S,c0,-4,
cpd00087[c0],Tetrahydrofolate_c0,C19H21N7O6,c0,-2,
cpd00089[c0],Glucose_1_phosphate_c0,C6H11O9P,c0,-2,
cpd00091[c0],UMP_c0,C9H11N2O9P,c0,-2,
cpd00092[c0],Uracil_c0,C4H4N2O2,c0,0,
cpd00092[e0],Uracil_e0,C4H4N2O2,e0,0,
cpd00093[c0],Anthranilate_c0,C7H6NO2,c0,-1,
cpd00094[c0],2_Oxobutyrate_c0,C4H5O3,c0,-1,
cpd00095[c0],Glycerone_phosphate_c0,C3H5O6P,c0,-2,
cpd00096[c0],CDP_c0,C9H12N3O11P2,c0,-3,
cpd00098[c0],Choline_c0,C5H14NO,c0,1,
cpd00098[e0],Choline_e0,C5H14NO,e0,1,
cpd00100[c0],Glycerol_c0,C3H8O3,c0,0,
cpd00100[e0],Glycerol_e0,C3H8O3,e0,0,
cpd00101[c0],ribose_5_phosphate_c0,C5H9O8P,c0,-2,
cpd00102[c0],Glyceraldehyde3_phosphate_c0,C3H5O6P,c0,-2,
cpd00103[c0],PRPP_c0,C5H8O14P3,c0,-5,
cpd00104[c0],Biotin_c0,C10H15N2O3S,c0,-1,
cpd00104[e0],BIOT_e0,C10H15N2O3S,e0,-1,
cpd00105[c0],D_Ribose_c0,C5H10O5,c0,0,
cpd00105[e0],D_Ribose_e0,C5H10O5,e0,0,
cpd00106[c0],Fumarate_c0,C4H2O4,c0,-2,
cpd00106[e0],Fumarate_e0,C4H2O4,e0,-2,
cpd00107[c0],L_Leucine_c0,C6H13NO2,c0,0,
cpd00107[e0],L_Leucine_e0,C6H13NO2,e0,0,
cpd00108[c0],Galactose_c0,C6H12O6,c0,0,
cpd00108[e0],Galactose_e0,C6H12O6,e0,0,
cpd00109[c0],Cytochrome_c3_c0,C42H52FeN8O6S2,c0,5,
cpd00110[c0],Cytochrome_c2_c0,C42H52FeN8O6S2,c0,4,
cpd00111[c0],Oxidized_glutathione_c0,C20H30N6O12S2,c0,-2,
cpd00113[c0],Isopentenyldiphosphate_c0,C5H9O7P2,c0,-3,
cpd00114[c0],IMP_c0,C10H11N4O8P,c0,-2,
cpd00115[c0],dATP_c0,C10H12N5O12P3,c0,-4,
cpd00116[c0],Methanol_c0,CH4O,c0,0,
cpd00117[c0],D_Alanine_c0,C3H7NO2,c0,0,
cpd00117[e0],D-Alanine_e0,C3H7NO2,e0,0,
cpd00118[c0],Putrescine_c0,C4H14N2,c0,2,
cpd00118[e0],Putrescine_e0,C4H14N2,e0,2,
cpd00119[c0],L_Histidine_c0,C6H9N3O2,c0,0,
cpd00119[e0],L_Histidine_e0,C6H9N3O2,e0,0,
cpd00120[c0],Butyryl_CoA_c0,C25H38N7O17P3S,c0,-4,
cpd00121[c0],L_Inositol_c0,C6H12O6,c0,0,
cpd00121[e0],L_Inositol_e0,C6H12O6,e0,0,
cpd00122[c0],N_Acetyl_D_glucosamine_c0,C8H15NO6,c0,0,
cpd00122[e0],N_Acetyl_D_glucosamine_e0,C8H15NO6,e0,0,
cpd00123[c0],3_Methyl_2_oxobutanoate_c0,C5H7O3,c0,-1,
cpd00125[c0],5_10_Methylenetetrahydrofolate_c0,C20H21N7O6,c0,-2,
cpd00125b[c0],5_10_Methylenetetrahydrofolate_c0,C20H21N7O6,c0,-2,
cpd00126[c0],GMP_c0,C10H12N5O8P,c0,-2,
cpd00128[c0],Adenine_c0,C5H5N5,c0,0,
cpd00128[e0],Adenine_e0,C5H5N5,e0,0,
cpd00129[c0],L_Proline_c0,C5H9NO2,c0,0,
cpd00129[e0],L_Proline_e0,C5H9NO2,e0,0,
cpd00130[c0],L_Malate_c0,C4H4O5,c0,-2,
cpd00130[e0],L_Malate_e0,C4H4O5,e0,-2,
cpd00132[c0],L_Asparagine_c0,C4H8N2O3,c0,0,
cpd00132[e0],L_Asparagine_e0,C4H8N2O3,e0,0,
cpd00134[c0],Palmitoyl_CoA_c0,C37H62N7O17P3S,c0,-4,
cpd00135[c0],Homocysteine_c0,C4H9NO2S,c0,0,
cpd00136[c0],4_Hydroxybenzoate_c0,C7H5O3,c0,-1,
cpd00137[c0],Citrate_c0,C6H5O7,c0,-3,
cpd00137[e0],Citrate_e0,C6H5O7,e0,-3,
cpd00138[c0],D-Mannose_c0,C6H12O6,c0,0,
cpd00138[e0],D-Mannose_e0,C6H12O6,e0,0,
cpd00139[c0],Glycolate_c0,C2H3O3,c0,-1,
cpd00141[c0],Propionate_c0,C3H5O2,c0,-1,
cpd00142[c0],Acetoacetate_c0,C4H5O3,c0,-1,
cpd00142[e0],Acetoacetate_e0,C4H5O3,e0,-1,
cpd00143[c0],Phenylpyruvate_c0,C9H7O3,c0,-1,
cpd00144[c0],UDPglucuronate_c0,C15H19N2O18P2,c0,-3,
cpd00145[c0],Hydroxypyruvate_c0,C3H3O4,c0,-1,
cpd00146[c0],Carbamoylphosphate_c0,CH2NO5P,c0,-2,
cpd00147[c0],5_Methylthioadenosine_c0,C11H15N5O3S,c0,0,
cpd00147[e0],5_Methylthioadenosine_e0,C11H15N5O3S,e0,0,
cpd00149[c0],Co2_c0,Co,c0,2,
cpd00149[e0],Co2_e0,Co,e0,2,
cpd00151[c0],Thymine_c0,C5H6N2O2,c0,0,
cpd00151[e0],Thymine_e0,C5H6N2O2,e0,0,
cpd00152[c0],Agmatine_c0,C5H16N4,c0,2,
cpd00152[e0],Agmatine_e0,C5H16N4,e0,2,
cpd00154[c0],Xylose_c0,C5H10O5,c0,0,
cpd00154[e0],Xylose_e0,C5H10O5,e0,0,
cpd00155[c0],Glycogen_c0,C30H52O26,c0,0,
cpd00155[e0],Glycogen_e0,C30H52O26,e0,0,
cpd00156[c0],L_Valine_c0,C5H11NO2,c0,0,
cpd00156[e0],L_Valine_e0,C5H11NO2,e0,0,
cpd00157[c0],Glycerone_c0,C3H6O3,c0,0,
cpd00158[c0],D-Cellobiose_c0,C12H22O11,c0,0,
cpd00158[e0],D-Cellobiose_e0,C12H22O11,e0,0,
cpd00159[c0],L_Lactate_c0,C3H5O3,c0,-1,
cpd00159[e0],L_Lactate_e0,C3H5O3,e0,-1,
cpd00161[c0],L_Threonine_c0,C4H9NO3,c0,0,
cpd00161[e0],L_Threonine_e0,C4H9NO3,e0,0,
cpd00163[c0],UDP-xylose_c0,C14H20N2O16P2,c0,-2,
cpd00166[c0],Calomide_c0,C72H102CoN18O17P,c0,2,
cpd00169[c0],3_Phosphoglycerate_c0,C3H4O7P,c0,-3,
cpd00171[c0],D_Ribulose5_phosphate_c0,C5H9O8P,c0,-2,
cpd00176[c0],2_keto_3_deoxygluconate_c0,C6H9O6,c0,-1,
cpd00177[c0],dADP_c0,C10H12N5O9P2,c0,-3,
cpd00179[c0],Maltose_c0,C12H22O11,c0,0,
cpd00179[e0],Maltose_e0,C12H22O11,e0,0,
cpd00182[c0],Adenosine_c0,C10H13N5O4,c0,0,
cpd00182[e0],Adenosine_e0,C10H13N5O4,e0,0,
cpd00184[c0],Thymidine_c0,C10H14N2O5,c0,0,
cpd00184[e0],Thymidine_e0,C10H14N2O5,e0,0,
cpd00186[c0],D_Glutamate_c0,C5H8NO4,c0,-1,
cpd00186[e0],D_Glutamate_e0,C5H8NO4,e0,-1,
cpd00187[c0],Methylamine_c0,CH6N,c0,1,
cpd00187[e0],Methylamine_e0,CH6N,e0,1,
cpd00191[c0],3_Oxopropanoate_c0,C3H3O3,c0,-1,
cpd00193[c0],APS_c0,C10H12N5O10PS,c0,-2,
cpd00193b[c0],APS_c0,C10H12N5O10PS,c0,-2,
cpd00196[c0],Acetylphosphate_c0,C2H3O5P,c0,-2,
cpd00197[c0],Protocatechuate_c0,C7H5O4,c0,-1,
cpd00197[e0],Protocatechuate_e0,C7H5O4,e0,-1,
cpd00198[c0],D_Xylulose5_phosphate_c0,C5H9O8P,c0,-2,
cpd00199[c0],4_Oxobutanoate_c0,C4H5O3,c0,-1,
cpd00200[c0],4MOP_c0,C6H9O3,c0,-1,
cpd00201[c0],10_Formyltetrahydrofolate_c0,C20H21N7O7,c0,-2,
cpd00202[c0],DMAPP_c0,C5H9O7P2,c0,-3,
cpd00203[c0],1_3_Bisphospho_D_glycerate_c0,C3H4O10P2,c0,-4,
cpd00204[c0],CO_c0,CO,c0,0,
cpd00204[e0],CO_e0,CO,e0,0,
cpd00205[c0],K_c0,K,c0,1,
cpd00205[e0],K_e0,K,e0,1,
cpd00207[c0],Guanine_c0,C5H5N5O,c0,0,
cpd00207[e0],Guanine_e0,C5H5N5O,e0,0,
cpd00208[c0],LACT_c0,C12H22O11,c0,0,
cpd00208[e0],alpha-D-Lactose_e0,C12H22O11,e0,0,
cpd00209[c0],Nitrate_c0,NO3,c0,-1,
cpd00209[e0],Nitrate_e0,NO3,e0,-1,
cpd00213[c0],Lipoamide_c0,C8H15NOS2,c0,0,
cpd00214[c0],Palmitate_c0,C16H31O2,c0,-1,
cpd00216[c0],Chorismate_c0,C10H8O6,c0,-2,
cpd00218[c0],Niacin_c0,C6H4NO2,c0,-1,
cpd00219[c0],Prephenate_c0,C10H8O6,c0,-2,
cpd00220[c0],Riboflavin_c0,C17H19N4O6,c0,-1,
cpd00221[c0],D_Lactate_c0,C3H5O3,c0,-1,
cpd00222[c0],GLCN_c0,C6H11O7,c0,-1,
cpd00222[e0],GLCN_e0,C6H11O7,e0,-1,
cpd00223[c0],Glycerate_c0,C3H5O4,c0,-1,
cpd00224[c0],L_Arabinose_c0,C5H10O5,c0,0,
cpd00224[e0],L_Arabinose_e0,C5H10O5,e0,0,
cpd00226[c0],HYXN_c0,C5H4N4O,c0,0,
cpd00226[e0],HYXN_e0,C5H4N4O,e0,0,
cpd00227[c0],L_Homoserine_c0,C4H9NO3,c0,0,
cpd00227[e0],L_Homoserine_e0,C4H9NO3,e0,0,
cpd00229[c0],Glycolaldehyde_c0,C2H4O2,c0,0,
cpd00235[c0],D_mannose_6_phosphate_c0,C6H11O9P,c0,-2,
cpd00236[c0],D_Erythrose4_phosphate_c0,C4H7O7P,c0,-2,
cpd00238[c0],Sedoheptulose7_phosphate_c0,C7H13O10P,c0,-2,
cpd00239[c0],H2S_c0,HS,c0,-1,
cpd00241[c0],dGTP_c0,C10H12N5O13P3,c0,-4,
cpd00242[c0],H2CO3_c0,CHO3,c0,-1,
cpd00242[e0],H2CO3_e0,CHO3,e0,-1,
cpd00246[c0],Inosine_c0,C10H12N4O5,c0,0,
cpd00246[e0],Inosine_e0,C10H12N4O5,e0,0,
cpd00247[c0],Orotate_c0,C5H3N2O4,c0,-1,
cpd00249[c0],Uridine_c0,C9H12N2O6,c0,0,
cpd00249[e0],Uridine_e0,C9H12N2O6,e0,0,
cpd00254[c0],Mg_c0,Mg,c0,2,
cpd00254[e0],Mg_e0,Mg,e0,2,
cpd00258[c0],D_Ribulose_c0,C5H10O5,c0,0,
cpd00259[c0],D_Lyxulose_c0,C5H10O5,c0,0,
cpd00260[c0],Isocitrate_c0,C6H5O7,c0,-3,
cpd00263[c0],Pyridoxol_c0,C8H11NO3,c0,0,
cpd00264[c0],Spermidine_c0,C7H22N3,c0,3,
cpd00264[e0],Spermidine_e0,C7H22N3,e0,3,
cpd00274[c0],Citrulline_c0,C6H13N3O3,c0,0,
cpd00274[e0],Citrulline_e0,C6H13N3O3,e0,0,
cpd00276[c0],D-Glucosamine_c0,C6H14NO5,c0,1,
cpd00276[e0],D-Glucosamine_e0,C6H14NO5,e0,1,
cpd00277[c0],Deoxyguanosine_c0,C10H13N5O4,c0,0,
cpd00279[c0],Acetoacetyl_CoA_c0,C25H36N7O18P3S,c0,-4,
cpd00281[c0],GABA_c0,C4H9NO2,c0,0,
cpd00281[e0],GABA_e0,C4H9NO2,e0,0,
cpd00282[c0],S_Dihydroorotate_c0,C5H5N2O4,c0,-1,
cpd00283[c0],Geranyldiphosphate_c0,C10H17O7P2,c0,-3,
cpd00284[c0],6_Phospho_D_gluconate_c0,C6H10O10P,c0,-3,
cpd00286[c0],Undecaprenylphosphate_c0,C55H89O4P,c0,-2,
cpd00287[c0],3_Oxo_2_methylpropanoate_c0,C4H5O3,c0,-1,
cpd00288[c0],D_Glucosamine_phosphate_c0,C6H13NO8P,c0,-1,
cpd00289[c0],Geranylgeranyl_diphosphate_c0,C20H33O7P2,c0,-3,
cpd00290[c0],D_fructose_1_6_bisphosphate_c0,C6H10O12P2,c0,-4,
cpd00292[c0],HMG_CoA_c0,C27H39N7O20P3S,c0,-5,
cpd00293[c0],N_Acetyl_D_glucosamine_6_phosphate_c0,C8H14NO9P,c0,-2,
cpd00294[c0],dAMP_c0,C10H12N5O6P,c0,-2,
cpd00295[c0],dGDP_c0,C10H12N5O10P2,c0,-3,
cpd00296[c0],dGMP_c0,C10H12N5O7P,c0,-2,
cpd00297[c0],dTDP_c0,C10H13N2O11P2,c0,-3,
cpd00298[c0],dTMP_c0,C10H13N2O8P,c0,-2,
cpd00299[c0],dUMP_c0,C9H11N2O8P,c0,-2,
cpd00300[c0],Urate_c0,C5H4N4O3,c0,0,
cpd00300[e0],Urate_e0,C5H4N4O3,e0,0,
cpd00305[c0],Thiamin_c0,C12H17N4OS,c0,1,
cpd00305[e0],Thiamin_e0,C12H17N4OS,e0,1,
cpd00307[c0],Cytosine_c0,C4H5N3O,c0,0,
cpd00307[e0],Cytosine_e0,C4H5N3O,e0,0,
cpd00308[c0],Malonate_c0,C3H2O4,c0,-2,
cpd00308[e0],Malonate_e0,C3H2O4,e0,-2,
cpd00309[c0],XAN_c0,C5H4N4O2,c0,0,
cpd00309[e0],XAN_e0,C5H4N4O2,e0,0,
cpd00311[c0],Guanosine_c0,C10H13N5O5,c0,0,
cpd00311[e0],Guanosine_e0,C10H13N5O5,e0,0,
cpd00314[c0],D_Mannitol_c0,C6H14O6,c0,0,
cpd00314[e0],D_Mannitol_e0,C6H14O6,e0,0,
cpd00322[c0],L_Isoleucine_c0,C6H13NO2,c0,0,
cpd00322[e0],L_Isoleucine_e0,C6H13NO2,e0,0,
cpd00330[c0],Dihydrofolate_c0,C19H19N7O6,c0,-2,
cpd00331[c0],cis_Aconitate_c0,C6H3O6,c0,-3,
cpd00334[c0],L_Lactaldehyde_c0,C3H6O2,c0,0,
cpd00337[c0],Hydrouracil_c0,C4H6N2O2,c0,0,
cpd00338[c0],5_Aminolevulinate_c0,C5H9NO3,c0,0,
cpd00340[c0],2_5_Dioxopentanoate_c0,C5H5O4,c0,-1,
cpd00342[c0],N_Acetylornithine_c0,C7H14N2O3,c0,0,
cpd00343[c0],N_Carbamoyl_L_aspartate_c0,C5H6N2O5,c0,-2,
cpd00344[c0],N_Formimino_L_glutamate_c0,C6H9N2O4,c0,-1,
cpd00345[c0],5_Methyltetrahydrofolate_c0,C20H23N7O6,c0,-2,
cpd00346[c0],L_Aspartate4_semialdehyde_c0,C4H7NO3,c0,0,
cpd00347[c0],5_10_Methenyltetrahydrofolate_c0,C20H20N7O6,c0,-1,
cpd00347b[c0],5_10_Methenyltetrahydrofolate_c0,C20H20N7O6,c0,-1,
cpd00349[c0],Sedoheptulose_1_7_bisphosphate_c0,C7H12O13P2,c0,-4,
cpd00350[c0],Farnesyldiphosphate_c0,C15H25O7P2,c0,-3,
cpd00356[c0],dCTP_c0,C9H12N3O13P3,c0,-4,
cpd00357[c0],dTTP_c0,C10H13N2O14P3,c0,-4,
cpd00358[c0],dUTP_c0,C9H11N2O14P3,c0,-4,
cpd00366[c0],adonitol_c0,C5H12O5,c0,0,
cpd00366[e0],adonitol_e0,C5H12O5,e0,0,
cpd00367[c0],Cytidine_c0,C9H13N3O5,c0,0,
cpd00367[e0],Cytidine_e0,C9H13N3O5,e0,0,
cpd00378[c0],Formamide_c0,CH3NO,c0,0,
cpd00378[e0],Formamide_e0,CH3NO,e0,0,
cpd00382[c0],Melitose_c0,C18H32O16,c0,0,
cpd00382[e0],Melitose_e0,C18H32O16,e0,0,
cpd00383[c0],Shikimate_c0,C7H9O5,c0,-1,
cpd00386[c0],D_Malate_c0,C4H4O5,c0,-2,
cpd00386[e0],D_Malate_e0,C4H4O5,e0,-2,
cpd00387[c0],ADPglucose_c0,C16H23N5O15P2,c0,-2,
cpd00388[c0],Allantoate_c0,C4H7N4O4,c0,-1,
cpd00392[c0],erythritol_c0,C4H10O4,c0,0,
cpd00392[e0],erythritol_e0,C4H10O4,e0,0,
cpd00393[c0],Folate_c0,C19H17N7O6,c0,-2,
cpd00396[c0],L_Rhamnose_c0,C6H12O5,c0,0,
cpd00396[e0],L-rhamnose_e0,C6H12O5,e0,0,
cpd00408[c0],Pantoate_c0,C6H11O4,c0,-1,
cpd00412[c0],Deoxyuridine_c0,C9H12N2O5,c0,0,
cpd00415[c0],Hydroquinone_c0,C6H6O2,c0,0,
cpd00417[c0],L-arabitol_c0,C5H12O5,c0,0,
cpd00417[e0],L-arabitol_e0,C5H12O5,e0,0,
cpd00418[c0],NO_c0,NO,c0,0,
cpd00418[e0],NO_e0,NO,e0,0,
cpd00421[c0],Triphosphate_c0,O10P3,c0,-5,
cpd00425[c0],dimethylamine_c0,C2H8N,c0,1,
cpd00426[c0],Homogentisate_c0,C8H7O4,c0,-1,
cpd00427[c0],L_Arabinonate_c0,C5H9O6,c0,-1,
cpd00428[c0],2_Oxopropanal_c0,C3H4O2,c0,0,
cpd00438[c0],Deoxyadenosine_c0,C10H13N5O3,c0,0,
cpd00441[c0],Trimethylamine_c0,C3H10N,c0,1,
cpd00441[e0],Trimethylamine_e0,C3H10N,e0,1,
cpd00443[c0],ABEE_c0,C7H6NO2,c0,-1,
cpd00447[c0],Betaine_aldehyde_c0,C5H12NO,c0,1,
cpd00448[c0],D_Glyceraldehyde_c0,C3H6O3,c0,0,
cpd00449a[c0],Dihydrolipoamide of pyruvate dehydrogenase complex_c0,C8H17NOS2,c0,0,
cpd00449b[c0],Dihydrolipoamide of succinate dehydrogenase complex_c0,C8H17NOS2,c0,0,
cpd00449c[c0],Dihydrolipoamide_c0,C8H17NOS2,c0,0,
cpd00457[c0],O_Phosphocholine_c0,C5H13NO4P,c0,-1,
cpd00465[c0],Ureidoglycolate_c0,C3H5N2O4,c0,-1,
cpd00472[c0],UDP-galacturonic acid_c0,C15H19N2O18P2,c0,-3,
cpd00475[c0],Ribose_1_phosphate_c0,C5H9O8P,c0,-2,
cpd00477[c0],N_Acetyl_L_glutamate_c0,C7H9NO5,c0,-2,
cpd00478[c0],Pyridoxine_phosphate_c0,C8H10NO6P,c0,-2,
cpd00481[c0],Isobutyryl_CoA_c0,C25H38N7O17P3S,c0,-4,
cpd00482[c0],2_Phospho_D_glycerate_c0,C3H4O7P,c0,-3,
cpd00485[c0],D_Mannose1_phosphate_c0,C6H11O9P,c0,-2,
cpd00497[c0],XMP_c0,C10H11N4O9P,c0,-2,
cpd00498[c0],2_Aceto_2_hydroxybutanoate_c0,C6H9O4,c0,-1,
cpd00504[c0],LL_2_6_Diaminopimelate_c0,C7H14N2O4,c0,0,
cpd00506[c0],gamma_Glutamylcysteine_c0,C8H13N2O5S,c0,-1,
cpd00508[c0],3MOP_c0,C6H9O3,c0,-1,
cpd00509[c0],deoxyribose_1_phosphate_c0,C5H9O7P,c0,-2,
cpd00510[c0],deoxyribose_5_phosphate_c0,C5H9O7P,c0,-2,
cpd00516[c0],meso_2_6_Diaminopimelate_c0,C7H14N2O4,c0,0,
cpd00519[c0],D_methylmalonyl_CoA_c0,C25H35N7O19P3S,c0,-5,
cpd00520[c0],2_Dehydro_3_deoxy_L_pentonate_c0,C5H7O5,c0,-1,
cpd00521[c0],dTDP_4_oxo_6_deoxy_D_glucose_c0,C16H22N2O15P2,c0,-2,
cpd00522[c0],dTDP_4_oxo_L_rhamnose_c0,C16H22N2O15P2,c0,-2,
cpd00523[c0],Trehalose_6_phosphate_c0,C12H21O14P,c0,-2,
cpd00524[c0],2_Inosose_c0,C6H10O6,c0,0,
cpd00525[c0],UDP_N_acetylmuramoyl_L_alanyl_D_glutamate_c0,C28H39N5O23P2,c0,-4,
cpd00528[c0],N2_c0,N2,c0,0,
cpd00528[e0],N2 gas_e0,N2,e0,0,
cpd00533[c0],dCDP_c0,C9H12N3O10P2,c0,-3,
cpd00540[c0],BET_c0,C5H11NO2,c0,0,
cpd00540[e0],BET_e0,C5H11NO2,e0,0,
cpd00567[c0],D-proline_c0,C5H9NO2,c0,0,
cpd00567[e0],D-proline_e0,C5H9NO2,e0,0,
cpd00573[c0],L_Idonate_c0,C6H11O7,c0,-1,
cpd00581[c0],Urocanate_c0,C6H5N2O2,c0,-1,
cpd00588[c0],Sorbitol_c0,C6H14O6,c0,0,
cpd00588[e0],Sorbitol_e0,C6H14O6,e0,0,
cpd00589[c0],D-Tagatose_c0,C6H12O6,c0,0,
cpd00589[e0],D-Tagatose_e0,C6H12O6,e0,0,
cpd00596[c0],Oxalurate_c0,C3H3N2O4,c0,-1,
cpd00605[c0],Barbiturate_c0,C4H3N2O3,c0,-1,
cpd00616[c0],Pretyrosine_c0,C10H12NO5,c0,-1,
cpd00626[c0],dTDPglucose_c0,C16H24N2O16P2,c0,-2,
cpd00630[c0],3_Oxoadipate_c0,C6H6O5,c0,-2,
cpd00638[c0],Deamido_NAD_c0,C21H24N6O15P2,c0,-2,
cpd00641[c0],L_Histidinol_c0,C6H12N3O,c0,1,
cpd00644[c0],PAN_c0,C9H16NO5,c0,-1,
cpd00650[c0],Crotonyl_CoA_c0,C25H36N7O17P3S,c0,-4,
cpd00653[c0],D_Galactonate_c0,C6H11O7,c0,-1,
cpd00655[c0],Dephospho_CoA_c0,C21H33N7O13P2S,c0,-2,
cpd00659[e0],Nitrous_oxide_e0,N2O,e0,0,
cpd00668[c0],ALCTT_c0,C5H7O4,c0,-1,
cpd00673[c0],Dihydrothymine_c0,C5H8N2O2,c0,0,
cpd00683[c0],Dihydropteroate_c0,C14H13N6O3,c0,-1,
cpd00689[c0],Porphobilinogen_c0,C10H13N2O4,c0,-1,
cpd00699[c0],5_Dehydroquinate_c0,C7H9O6,c0,-1,
cpd00712[c0],2_Dehydropantoate_c0,C6H9O4,c0,-1,
cpd00722[c0],O_Acetyl_L_serine_c0,C5H9NO4,c0,0,
cpd00726[c0],"1,3-Diaminopropane_c0",C3H12N2,c0,2,
cpd00731[c0],Ala_Ala_c0,C6H12N2O3,c0,0,
cpd00738[c0],phosphoserine_c0,C3H6NO6P,c0,-2,
cpd00751[c0],L-Fucose_c0,C6H12O5,c0,0,
cpd00751[e0],L-Fucose_e0,C6H12O5,e0,0,
cpd00755[c0],Hydroxymethylbilane_c0,C40H38N4O17,c0,-8,
cpd00759[c0],S-Formylglutathione_c0,C11H16N3O7S,c0,-1,
cpd00760[c0],2_Methylbutyryl_CoA_c0,C26H40N7O17P3S,c0,-4,
cpd00763[c0],4-Maleylacetoacetic acid_c0,C8H6O6,c0,-2,
cpd00771[c0],N-Methyl-L-glutamic acid_c0,C6H10NO4,c0,-1,
cpd00773[c0],UDP_MurNAc_c0,C20H28N3O19P2,c0,-3,
cpd00774[c0],UroporphyrinogenIII_c0,C40H36N4O16,c0,-8,
cpd00780[c0],Fumarylacetoacetate_c0,C8H6O6,c0,-2,
cpd00781[c0],5_Dehydrogluconate_c0,C6H9O7,c0,-1,
cpd00791[c0],ProtoporphyrinogenIX_c0,C34H38N4O4,c0,-2,
cpd00793[c0],Thiamine_phosphate_c0,C12H16N4O4PS,c0,-1,
cpd00794[c0],TRHL_c0,C12H22O11,c0,0,
cpd00794[e0],TRHL_e0,C12H22O11,e0,0,
cpd00797[c0],R_3_Hydroxybutanoate_c0,C4H7O3,c0,-1,
cpd00797[e0],R_3_Hydroxybutanoate_e0,C4H7O3,e0,-1,
cpd00805[c0],D_Tagatose_6_phosphate_c0,C6H11O9P,c0,-2,
cpd00807[c0],L_histidinol_phosphate_c0,C6H11N3O4P,c0,-1,
cpd00809[c0],O_Phospho_L_homoserine_c0,C4H8NO6P,c0,-2,
cpd00810[c0],Orotidylic_acid_c0,C10H10N2O11P,c0,-3,
cpd00811[c0],Trimethylamine N-oxide_c0,C3H9NO,c0,0,
cpd00817[c0],D_Arabinose5_phosphate_c0,C5H9O8P,c0,-2,
cpd00819[c0],"L-Arabinono-1,4-lactone_c0",C5H8O5,c0,0,
cpd00822[c0],O_Succinyl_L_homoserine_c0,C8H12NO6,c0,-1,
cpd00831[c0],L_Rhamnulose_1_phosphate_c0,C6H11O8P,c0,-2,
cpd00832[c0],N-Acetyl-D-Galactosamine_c0,C8H15NO6,c0,0,
cpd00832[e0],N-Acetyl-D-Galactosamine_e0,C8H15NO6,e0,0,
cpd00834[c0],Phosphopantetheine_c0,C11H21N2O7PS,c0,-2,
cpd00836[c0],S_Acetyldihydrolipoamide_c0,C10H19NO2S2,c0,0,
cpd00842[c0],S_3_Hydroxybutyryl_CoA_c0,C25H38N7O18P3S,c0,-4,
cpd00843[c0],Tartronate_semialdehyde_c0,C3H3O4,c0,-1,
cpd00851[c0],trans_4_Hydroxy_L_proline_c0,C5H9NO3,c0,0,
cpd00851[e0],trans-4-hydroxy-L-proline_e0,C5H9NO3,e0,0,
cpd00856[c0],3_Carboxy_cis_cis_muconate_c0,C7H3O6,c0,-3,
cpd00858[c0],L_Glutamate5_semialdehyde_c0,C5H9NO3,c0,0,
cpd00860[c0],S_Succinyldihydrolipoamide_c0,C12H20NO4S2,c0,-1,
cpd00863[c0],beta_D_Glucose_6_phosphate_c0,C6H11O9P,c0,-2,
cpd00867[c0],Inositol_1_phosphate_c0,C6H11O9P,c0,-2,
cpd00868[c0],p_hydroxyphenylpyruvate_c0,C9H7O4,c0,-1,
cpd00871[c0],D_Ribulose_1_5_bisphosphate_c0,C5H8O11P2,c0,-4,
cpd00873[c0],Nicotinate_ribonucleotide_c0,C11H12NO9P,c0,-2,
cpd00875[c0],KDO_c0,C8H13O8,c0,-1,
cpd00876[c0],3_Hydroxyisobutyrate_c0,C4H7O3,c0,-1,
cpd00890[c0],UDP_N_acetylmuramoyl_L_alanine_c0,C23H33N4O20P2,c0,-3,
cpd00891[c0],L_methylmalonyl_CoA_c0,C25H35N7O19P3S,c0,-5,
cpd00894[c0],2_Dehydro_3_deoxy_D_galactonate_c0,C6H9O6,c0,-1,
cpd00911[c0],6_phospho_D_glucono_1_5_lactone_c0,C6H9O9P,c0,-2,
cpd00918[c0],2_Acetamido_5_oxopentanoate_c0,C7H10NO4,c0,-1,
cpd00919[c0],Homocitrate_c0,C7H7O7,c0,-3,
cpd00919[e0],Homocitrate_e0,C7H7O7,e0,-3,
cpd00930[c0],imidazole_acetol_phosphate_c0,C6H7N2O5P,c0,-2,
cpd00931[c0],5_Amino_6__5_phosphoribosylaminouracil_c0,C9H13N4O9P,c0,-2,
cpd00932[c0],5_O__1_Carboxyvinyl_3_phosphoshikimate_c0,C10H9O10P,c0,-4,
cpd00938[c0],4_Carboxymuconolactone_c0,C7H4O6,c0,-2,
cpd00939[c0],Toxopyrimidine_c0,C6H9N3O,c0,0,
cpd00945[c0],2_Dehydro_3_deoxy_D_galactonate_6_phosphate_c0,C6H8O9P,c0,-3,
cpd00954[c0],6_hydroxymethyl_dihydropterin_c0,C7H9N5O2,c0,0,
cpd00956[c0],1_2_carboxyphenylamino_1_deoxyribulose_5_phosphate_c0,C12H13NO9P,c0,-3,
cpd00957[c0],2_5_Diamino_6_5_phosphoribosylamino_4_pyrimidineone_c0,C9H14N5O8P,c0,-2,
cpd00971[c0],Na_c0,Na,c0,1,
cpd00971[e0],Na_e0,Na,e0,1,
cpd00978[c0],dUDP_c0,C9H11N2O11P2,c0,-3,
cpd00982[c0],FADH2_c0,C27H33N9O15P2,c0,-2,
cpd01012[c0],Cd2_c0,Cd,c0,0,
cpd01012[e0],Cd2_e0,Cd,e0,0,
cpd01017[c0],Cys_Gly_c0,C5H10N2O3S,c0,0,
cpd01017[e0],Cys_Gly_e0,C5H10N2O3S,e0,0,
cpd01030[c0],Salicin_c0,C13H18O7,c0,0,
cpd01030[e0],Salicin_e0,C13H18O7,e0,0,
cpd01078[c0],Selenide_c0,HSe,c0,-1,
cpd01078[e0],Selenide_e0,HSe,e0,-1,
cpd01092[c0],Allantoin_c0,C4H6N4O3,c0,0,
cpd01092[e0],Allantoin_e0,C4H6N4O3,e0,0,
cpd01107[c0],Decanoate_c0,C10H19O2,c0,-1,
cpd01133[c0],Stachyose_c0,C24H42O21,c0,0,
cpd01133[e0],Stachyose_e0,C24H42O21,e0,0,
cpd01155[c0],Cadaverine_c0,C5H16N2,c0,2,
cpd01185[c0],L_Fuconate_c0,C6H11O6,c0,-1,
cpd01192[c0],Mannobiose_c0,C12H22O11,c0,0,
cpd01192[e0],Mannobiose_e0,C12H22O11,e0,0,
cpd01200[c0],Palatinose_c0,C12H22O11,c0,0,
cpd01200[e0],Palatinose_e0,C12H22O11,e0,0,
cpd01217[c0],Xanthosine_c0,C10H12N4O6,c0,0,
cpd01217[e0],Xanthosine_e0,C10H12N4O6,e0,0,
cpd01242[c0],Thyminose_c0,C5H10O4,c0,0,
cpd01242[e0],Thyminose_e0,C5H10O4,e0,0,
cpd01260[c0],Lauroyl_CoA_c0,C33H54N7O17P3S,c0,-4,
cpd01262[c0],Amylotriose_c0,C18H32O16,c0,0,
cpd01262[e0],Amylotriose_e0,C18H32O16,e0,0,
cpd01270[c0],FMNH2_c0,C17H21N4O9P,c0,-2,
cpd01293[c0],5_Oxoproline_c0,C5H6NO3,c0,-1,
cpd01293[e0],5_Oxoproline_e0,C5H6NO3,e0,-1,
cpd01307[c0],D-Arabitol_c0,C5H12O5,c0,0,
cpd01307[e0],D-Arabitol_e0,C5H12O5,e0,0,
cpd01324[c0],L_Histidinal_c0,C6H10N3O,c0,1,
cpd01326[c0],L-Lysyl-tRNA(Lys)_C16H29N2O11PR2(C5H8O6PR)n,C16H26N7O4R,c0,2,
cpd01335[c0],Octanoyl_CoA_c0,C29H46N7O17P3S,c0,-4,
cpd01476[c0],Protoporphyrin_c0,C34H32N4O4,c0,-2,
cpd01507[c0],3_Oxoadipyl_CoA_c0,C27H37N7O20P3S,c0,-5,
cpd01524[c0],D-Galactosamine_c0,C6H14NO5,c0,1,
cpd01524[e0],D-Galactosamine_e0,C6H14NO5,e0,1,
cpd01553[c0],Salicyl_alcohol_c0,C7H8O2,c0,0,
cpd01620[c0],Precorrin_2_c0,C42H41N4O16,c0,-7,
cpd01646[c0],2_Isopropylmalate_c0,C7H10O5,c0,-2,
cpd01695[c0],Myristoyl_CoA_c0,C35H58N7O17P3S,c0,-4,
cpd01710[c0],2_Isopropylmaleate_c0,C7H8O4,c0,-2,
cpd01716[c0],3_Dehydroshikimate_c0,C7H7O5,c0,-1,
cpd01720[c0],3_Ureidopropanoate_c0,C4H7N2O3,c0,-1,
cpd01775[c0],Phosphoribosyl_ATP_c0,C15H19N5O20P4,c0,-6,
cpd01777[c0],Phosphoribosyl_AMP_c0,C15H19N5O14P2,c0,-4,
cpd01844[c0],Propionyl_phosphate_c0,C3H5O5P,c0,-2,
cpd01882[c0],Isovaleryl_CoA_c0,C26H40N7O17P3S,c0,-4,
cpd01914[c0],L_Methionine_S_oxide_c0,C5H11NO3S,c0,0,
cpd01914[e0],L_Methionine_S_oxide_e0,C5H11NO3S,e0,0,
cpd01966[c0],Dimethylacryloyl_CoA_c0,C26H38N7O17P3S,c0,-4,
cpd01977[c0],4_Phospho_L_aspartate_c0,C4H6NO7P,c0,-2,
cpd01982[c0],5_Phosphoribosylamine_c0,C5H11NO7P,c0,-1,
cpd01997[c0],Dimethylbenzimidazole_c0,C9H10N2,c0,0,
cpd02012[c0],N-Formyl-L-methionine,C6H10NO3S,c0,-1,
cpd02018[c0],N5-Methyl-L-glutamine_c0,C6H12N2O3,c0,0,
cpd02024[c0],Phosphonoacetaldehyde_c0,C2H4O4P,c0,-1,
cpd02030[c0],3_phosphoshikimate_c0,C7H8O8P,c0,-3,
cpd02060[c0],2E_Dodecenoyl_CoA_c0,C33H52N7O17P3S,c0,-4,
cpd02068[c0],3_Methylglutaconyl_CoA_c0,C27H37N7O19P3S,c0,-5,
cpd02069[c0],3_Phosphonooxypyruvate_c0,C3H2O7P,c0,-3,
cpd02083[c0],CoproporphyrinogenIII_c0,C36H40N4O8,c0,-4,
cpd02095[c0],"L-2,4-Diaminobutanoate_c0",C4H11N2O2,c0,1,
cpd02097[c0],L_Glutamyl_5_phosphate_c0,C5H8NO7P,c0,-2,
cpd02113[c0],dTDP_rhamnose_c0,C16H24N2O15P2,c0,-2,
cpd02120[c0],Dihydrodipicolinate_c0,C7H5NO4,c0,-2,
cpd02124[c0],2_Methylacetoacetyl_CoA_c0,C26H38N7O18P3S,c0,-4,
cpd02125[c0],Tiglyl_CoA_c0,C26H38N7O17P3S,c0,-4,
cpd02140[c0],AIR_c0,C8H13N3O7P,c0,-1,
cpd02143[c0],gamma-D-Galactonolactone_c0,C6H10O6,c0,0,
cpd02147[c0],4_Phosphoerythronate_c0,C4H6O8P,c0,-3,
cpd02152[c0],L_Argininosuccinate_c0,C10H17N4O6,c0,-1,
cpd02168[c0],Prephytoene_diphosphate_c0,C40H65O7P2,c0,-3,
cpd02175[c0],cis_4_Hydroxy_D_proline_c0,C5H9NO3,c0,0,
cpd02175[e0],cis-4-hydroxy-D-proline_e0,C5H9NO3,e0,0,
cpd02182[c0],R_S_Lactoylglutathione_c0,C13H20N3O8S,c0,-1,
cpd02187[c0],Methacrylyl_CoA_c0,C25H36N7O17P3S,c0,-4,
cpd02201[c0],4_phosphopantothenate_c0,C9H15NO8P,c0,-3,
cpd02203[c0],D-Erythritol 4-phosphate_c0,C4H9O7P,c0,-2,
cpd02210[c0],Indoleglycerol_phosphate_c0,C11H12NO6P,c0,-2,
cpd02211[c0],L_2_Amino_acetoacetate_c0,C4H7NO3,c0,0,
cpd02229[c0],Bactoprenyl_diphosphate_c0,C55H89O7P2,c0,-3,
cpd02233[c0],Ciliatine_c0,C2H8NO3P,c0,0,
cpd02233[e0],2-aminoethylphosphonate_e0,C2H8NO3P,e0,0,
cpd02234[c0],R_3_Hydroxybutanoyl_CoA_c0,C25H38N7O18P3S,c0,-4,
cpd02235[c0],delta1-Pyrroline 2-carboxylate_c0,C5H7NO2,c0,0,
cpd02255[c0],3_oxoadipate_enol_lactone_c0,C6H5O4,c0,-1,
cpd02274[c0],Methyl beta-D-galactoside_c0,C7H14O6,c0,0,
cpd02274[e0],Methyl beta-D-galactoside_e0,C7H14O6,e0,0,
cpd02311[c0],4_Imidazolone_5_propanoate_c0,C6H7N2O3,c0,-1,
cpd02333[c0],Quinolinate_c0,C7H3NO4,c0,-2,
cpd02375[c0],Adenylosuccinate_c0,C14H14N5O11P,c0,-4,
cpd02387[c0],2_Dehydro-3_deoxy_L_fuconate_c0,C6H9O5,c0,-1,
cpd02394[c0],GAR_c0,C7H14N2O8P,c0,-1,
cpd02431[c0],1_Pyrroline_5_carboxylate_c0,C5H6NO2,c0,-1,
cpd02465[c0],tetrahydrodipicolinate_c0,C7H7NO4,c0,-2,
cpd02498[c0],2_3_Dihydroxy_isovalerate_c0,C5H9O4,c0,-1,
cpd02535[c0],2_3_Dihydroxy_3_methylvalerate_c0,C6H11O4,c0,-1,
cpd02546[c0],CMP_KDO_c0,C17H24N3O15P,c0,-2,
cpd02547[c0],R_1_Aminopropan_2_yl_phosphate_c0,C3H9NO4P,c0,-1,
cpd02552[c0],n_acetylglutamyl_phosphate_c0,C7H9NO8P,c0,-3,
cpd02557[c0],Farnesylfarnesylgeraniol_c0,C40H65O7P2,c0,-3,
cpd02569[c0],2_Oxo_3_hydroxyisovalerate_c0,C5H7O4,c0,-1,
cpd02605[c0],2_isopropyl_3_oxosuccinate_c0,C7H8O5,c0,-2,
cpd02611[c0],N_Acetyl_D_glucosamine1_phosphate_c0,C8H14NO9P,c0,-2,
cpd02626[c0],1_Pyrroline_4_hydroxy_2_carboxylate_c0,C5H6NO3,c0,-1,
cpd02631[c0],DKDI_c0,C6H7O5,c0,-1,
cpd02642[c0],N_5_phosphoribosyl_anthranilate_c0,C12H13NO9P,c0,-3,
cpd02654[c0],4_Methyl_5__2_phosphoethyl_thiazole_c0,C6H8NO4PS,c0,-2,
cpd02656[c0],6_7_Dimethyl_8__1_D_ribityllumazine_c0,C13H17N4O6,c0,-1,
cpd02666[c0],R_4_Phosphopantothenoyl_L_cysteine_c0,C12H20N2O9PS,c0,-3,
cpd02678[c0],N_Formyl_GAR_c0,C8H13N2O9P,c0,-2,
cpd02691[c0],2_methyl_3_hydroxy_butyryl_CoA_c0,C26H40N7O18P3S,c0,-4,
cpd02693[c0],3_Isopropylmalate_c0,C7H10O5,c0,-2,
cpd02698[c0],N_Succinyl_L_2_6_diaminopimelate_c0,C11H16N2O7,c0,-2,
cpd02700[c0],S_2_Methylpropionyl_dihydrolipoamide_c0,C12H23NO2S2,c0,0,
cpd02711[c0],2_Keto_3_deoxy_6_phosphogluconate_c0,C6H8O9P,c0,-3,
cpd02720[c0],5_Amino_6__5_phosphoribitylaminouracil_c0,C9H15N4O9P,c0,-2,
cpd02721[c0],DKHP_c0,C6H8O9P,c0,-3,
cpd02724[c0],N_Succinyl_L_2_amino_6_oxopimelate_c0,C11H12NO8,c0,-3,
cpd02730[c0],3_Deoxy_D_manno_octulosonate8_phosphate_c0,C8H12O11P,c0,-3,
cpd02745[c0],alpha-D-Galactosyl-diphosphoundecaprenol,C61H100O12P2,c0,-2,
cpd02775[c0],4_Amino_5_phosphomethyl_2_methylpyrimidine_c0,C6H8N3O4P,c0,-2,
cpd02820[c0],UDP_N_acetylglucosamine_enolpyruvate_c0,C20H26N3O19P2,c0,-3,
cpd02826[c0],5_Phosphoribosylformylglycinamidine_c0,C8H14N3O8P,c0,-2,
cpd02835[c0],UDP_2_3_bis3_hydroxytetradecanoylglucosamine_c0,C43H75N3O20P2,c0,-2,
cpd02843[c0],D_erythro_imidazol_glycerol_phosphate_c0,C6H9N2O6P,c0,-2,
cpd02851[c0],AICAR_c0,C9H13N4O8P,c0,-2,
cpd02857[c0],DAHP_c0,C7H10O10P,c0,-3,
cpd02882[c0],4__1_D_Ribitylamino_5_aminouracil_c0,C9H16N4O6,c0,0,
cpd02884[c0],FAICAR_c0,C10H13N4O9P,c0,-2,
cpd02886[c0],UDP_3_O_beta_hydroxymyristoyl_N_acetylglucosamine_c0,C31H51N3O19P2,c0,-2,
cpd02893[c0],5_Phosphoribosyl_4_carboxy_5_aminoimidazole_c0,C9H12N3O9P,c0,-2,
cpd02894[c0],4_Amino_2_methyl_5_diphosphomethylpyrimidine_c0,C6H8N3O7P2,c0,-3,
cpd02904[c0],alpha_Ribazole_5_phosphate_c0,C14H17N2O7P,c0,-2,
cpd02920[c0],2_Amino_4_hydroxy_6_hydroxymethyl_7_8_dihydropteridinediphosphate_c0,C7H8N5O8P2,c0,-3,
cpd02921[c0],SAICAR_c0,C13H15N4O12P,c0,-4,
cpd02930[c0],Lipid_X_c0,C34H64NO12P,c0,-2,
cpd02961[c0],Dihydroneopterin_c0,C9H13N5O4,c0,0,
cpd02964[c0],UDP_N_acetylmuramoyl_L_alanyl_D_gamma_glutamyl_meso_2_6_diaminopimelate_c0,C35H51N7O26P2,c0,-4,
cpd02968[c0],UDP_N_acetylmuramoyl_L_alanyl_D_glutamyl_6_carboxy_L_lysyl_D_alanyl__D_alanine_c0,C41H61N9O28P2,c0,-4,
cpd02978[c0],7_8_Dihydroneopterin_3_triphosphate_c0,C9H12N5O13P3,c0,-4,
cpd02979[c0],phosphoribosylformiminoaicar_phosphate_c0,C15H21N5O15P2,c0,-4,
cpd02991[c0],phosphoribulosylformimino_AICAR_phosphate_c0,C15H21N5O15P2,c0,-4,
cpd02993[c0],Lipid_IVA_c0,C68H126N2O23P2,c0,-4,
cpd03002[c0],Lipid_A_disaccharide_c0,C68H127N2O20P,c0,-2,
cpd03034[c0],3_Ureidoisobutyrate_c0,C5H9N2O3,c0,-1,
cpd03049b[c0],2_Hydroxyethyl_ThPP_branched chain aa synthesis_c0,C14H20N4O8P2S,c0,-2,
cpd03049p[c0],2_Hydroxyethyl_ThPP_pyruvate dehydrogenase_c0,C14H20N4O8P2S,c0,-2,
cpd03063[c0],3_Aminoisobutanoate_c0,C4H9NO2,c0,0,
cpd03078[c0],Selenophosphate_c0,O3PSe,c0,-3,
cpd03113[c0],S_3_Hydroxyhexadecanoyl_CoA_c0,C37H62N7O18P3S,c0,-4,
cpd03114[c0],3_Oxopalmitoyl_CoA_c0,C37H60N7O18P3S,c0,-4,
cpd03115[c0],S_3_Hydroxytetradecanoyl_CoA_c0,C35H58N7O18P3S,c0,-4,
cpd03116[c0],S_3_Hydroxydodecanoyl_CoA_c0,C33H54N7O18P3S,c0,-4,
cpd03117[c0],3_Oxododecanoyl_CoA_c0,C33H52N7O18P3S,c0,-4,
cpd03118[c0],S_Hydroxydecanoyl_CoA_c0,C31H50N7O18P3S,c0,-4,
cpd03119[c0],3_Oxodecanoyl_CoA_c0,C31H48N7O18P3S,c0,-4,
cpd03120[c0],S_Hydroxyoctanoyl_CoA_c0,C29H46N7O18P3S,c0,-4,
cpd03121[c0],3_Oxooctanoyl_CoA_c0,C29H44N7O18P3S,c0,-4,
cpd03122[c0],S_Hydroxyhexanoyl_CoA_c0,C27H42N7O18P3S,c0,-4,
cpd03123[c0],3_Oxohexanoyl_CoA_c0,C27H40N7O18P3S,c0,-4,
cpd03124[c0],Hexanoyl_CoA_c0,C27H42N7O17P3S,c0,-4,
cpd03125[c0],2E_Hexenoyl_CoA_c0,C27H40N7O17P3S,c0,-4,
cpd03126[c0],2E_Hexadecenoyl_CoA_c0,C37H60N7O17P3S,c0,-4,
cpd03127[c0],2E_Tetradecenoyl_CoA_c0,C35H56N7O17P3S,c0,-4,
cpd03128[c0],Decanoyl_CoA_c0,C31H50N7O17P3S,c0,-4,
cpd03129[c0],2E_Decenoyl_CoA_c0,C31H48N7O17P3S,c0,-4,
cpd03130[c0],2E_Octenoyl_CoA_c0,C29H44N7O17P3S,c0,-4,
cpd03187[c0],Oxalosuccinate_c0,C6H3O7,c0,-3,
cpd03189[c0],3_Carboxy_1_hydroxypropyl_ThPP_c0,C16H21N4O10P2S,c0,-3,
cpd03198[c0],Melibiose_c0,C12H22O11,c0,0,
cpd03198[e0],Melibiose_e0,C12H22O11,e0,0,
cpd03205[c0],Phytoene_c0,C40H64,c0,0,
cpd03279[c0],Deoxyinosine_c0,C10H12N4O4,c0,0,
cpd03385[c0],Phosphonoacetate_c0,C2H3O5P,c0,-2,
cpd03420[c0],Precorrin_3A_c0,C43H43N4O16,c0,-7,
cpd03423[c0],alpha_Ribazole_c0,C14H18N2O4,c0,0,
cpd03443[c0],3_Octaprenyl_4_hydroxybenzoate_c0,C47H69O3,c0,-1,
cpd03444[c0],2_Octaprenylphenol_c0,C46H70O,c0,0,
cpd03445[c0],2_Octaprenyl_6_hydroxyphenol_c0,C46H70O2,c0,0,
cpd03446[c0],2_Octaprenyl_6_methoxyphenol_c0,C47H72O2,c0,0,
cpd03447[c0],2_Octaprenyl_6_methoxy_1_4_benzoquinone_c0,C47H70O3,c0,0,
cpd03448[c0],2_Octaprenyl_3_methyl_6_methoxy_1_4_benzoquinone_c0,C48H72O3,c0,0,
cpd03449[c0],2_Octaprenyl_3_methyl_5_hydroxy_6_methoxy_1_4_benzoquinone_c0,C48H71O4,c0,-1,
cpd03470[c0],Iminoaspartate_c0,C4H4NO4,c0,-1,
cpd03494[c0],Undecaprenyl_diphospho_N_acetylmuramoyl_L_alanyl_D_glutamyl_meso_2_6_diaminopimeloyl_D_alanyl_D_alanine_c0,C87H139N7O23P2,c0,-4,
cpd03495[c0],Undecaprenyl_diphospho_N_acetylmuramoyl__N_acetylglucosamine_L_ala_D_glu_meso_2_6_diaminopimeloyl_D_ala_D_ala_c0,C95H152N8O28P2,c0,-4,
cpd03517[c0],Biotinyl_5_AMP_c0,C20H27N7O9PS,c0,-1,
cpd03518[c0],Formamidopyrimidine_nucleoside_triphosphate_c0,C10H14N5O15P3,c0,-4,
cpd03519[c0],2_5_Diaminopyrimidine_nucleoside_triphosphate_c0,C9H14N5O14P3,c0,-4,
cpd03566[c0],Acetyladenylate_c0,C12H15N5O8P,c0,-1,
cpd03572[c0],S_3_Hydroxyisobutyryl_CoA_c0,C25H38N7O18P3S,c0,-4,
cpd03584[c0],UDP_3_O_beta_hydroxymyristoyl_D_glucosamine_c0,C29H50N3O18P2,c0,-1,
cpd03585[c0],KDO_lipid_IVA_c0,C76H137N2O30P2,c0,-5,
cpd03586[c0],kdo2_lipid_iva_c0,C84H148N2O37P2,c0,-6,
cpd03606[c0],2_Oxo_3_hydroxy_4_phosphobutanoate_c0,C4H4O8P,c0,-3,
cpd03607[c0],4_Phosphonooxy_threonine_c0,C4H8NO7P,c0,-2,
cpd03666[c0],2_5_Diamino_6_5_triphosphoryl_3_4_trihydroxy_2_oxopentyl__amino_4_oxopyrimidine_c0,C9H14N5O14P3,c0,-4,
cpd03671[c0],D_Glucosamine1_phosphate_c0,C6H13NO8P,c0,-1,
cpd03696[c0],Arbutin_c0,C12H16O7,c0,0,
cpd03696[e0],Arbutin_e0,C12H16O7,e0,0,
cpd03760[c0],Precorrin_6B_c0,C44H50N4O16,c0,-6,
cpd03761[c0],Precorrin_6A_c0,C44H46N4O16,c0,-8,
cpd03813[c0],D-Galactosamine-6-phosphate_c0,C6H13NO8P,c0,-1,
cpd03832[c0],Hydrogenobyrinate_c0,C45H55N4O14,c0,-5,
cpd03833[c0],Precorrin_3B_c0,C43H43N4O17,c0,-7,
cpd03834[c0],Precorrin_4_c0,C44H44N4O17,c0,-8,
cpd03835[c0],Precorrin_8_c0,C45H53N4O14,c0,-7,
cpd03839[c0],Precorrin_5_c0,C45H46N4O17,c0,-8,
cpd03884[c0],D-Psicose_c0,C6H12O6,c0,0,
cpd03884[e0],D-Psicose_e0,C6H12O6,e0,0,
cpd03913[c0],Hydrogenobyrinate_diamide_c0,C45H59N6O12,c0,-3,
cpd03914[c0],CobIIyrinate_diamide_c0,C45H56CoN6O12,c0,-4,
cpd03915[c0],CobIyrinate_diamide_c0,C45H56CoN6O12,c0,-5,
cpd03916[c0],Adenosyl_cobyrinate_diamide_c0,C55H68CoN11O15,c0,-4,
cpd03917[c0],Adenosylcobyric_acid_c0,C55H76CoN15O11,c0,0,
cpd03919[c0],Adenosyl_cobinamide_phosphate_c0,C58H83CoN16O14P,c0,-1,
cpd03920[c0],Adenosylcobinamide_GDP_c0,C68H95CoN21O21P2,c0,-1,
cpd04242[c0],DKH_c0,C6H9O6,c0,-1,
cpd04349[c0],Lactulose_c0,C12H22O11,c0,0,
cpd04349[e0],Lactulose_e0,C12H22O11,e0,0,
cpd04539[c0],2_Amino_3_oxo_4_phosphonooxybutyrate_c0,C4H6NO7P,c0,-2,
cpd05158[c0],Gentiobiose_c0,C12H22O11,c0,0,
cpd05158[e0],Gentiobiose_e0,C12H22O11,e0,0,
cpd07061[c0],Stachydrine_c0,C7H13NO2,c0,0,
cpd07061[e0],Stachydrine_e0,C7H13NO2,e0,0,
cpd08210[c0],ADC_c0,C10H10NO5,c0,-1,
cpd08286[c0],2_C_methyl_D_erythritol4_phosphate_c0,C5H11O7P,c0,-2,
cpd08287[c0],4__cytidine5_diphospho_2_C_methyl_D_erythritol_c0,C14H23N3O14P2,c0,-2,
cpd08288[c0],2_phospho_4__cytidine5_diphospho_2_C_methyl_D_erythritol_c0,C14H22N3O17P3,c0,-4,
cpd08289[c0],1_deoxy_D_xylulose5_phosphate_c0,C5H9O7P,c0,-2,
cpd08301[c0],2_C_methyl_D_erythritol2_4_cyclodiphosphate_c0,C5H10O9P2,c0,-2,
cpd08358[c0],UDP-6-sulfoquinovose,C15H21N2O19P2S,c0,-3,
cpd08449[c0],3_Amino_2_oxopropyl_phosphate_c0,C3H7NO5P,c0,-1,
cpd08615[c0],1_Hydroxy_2_methyl_2_butenyl_4_diphosphate_c0,C5H9O8P2,c0,-3,
cpd08928[c0],L_Threonine_phosphate_c0,C4H8NO6P,c0,-2,
cpd09879[c0],S-(Hydroxymethyl)glutathione_c0,C11H18N3O7S,c0,-1,
cpd10162[c0],R_3_Hydroxy_3_methyl_2_oxopentanoate_c0,C6H9O4,c0,-1,
cpd10515[c0],Fe2_c0,Fe,c0,2,
cpd10515[e0],Fe2_e0,Fe,e0,2,
cpd10516[c0],fe3_c0,Fe,c0,3,
cpd10516[e0],fe3_e0,Fe,e0,3,
cpd11225[c0],3_4_dihydroxy_2_butanone4_phosphate_c0,C4H7O6P,c0,-2,
cpd11312[c0],hemeA_c0,C49H56FeN4O6,c0,-2,
cpd11313[c0],hemeO_c0,C49H56FeN4O5,c0,-2,
cpd11340[c0],gamma-L-Glutamylputrescine,C9H20N3O3,c0,1,
cpd11341[c0],gamma-Glutamyl-gamma-aminobutyraldehyde,C9H16N2O4,c0,0,
cpd11408[c0],gamma-Glutamyl-gamma-aminobutyrate,C9H15N2O5,c0,-1,
cpd11416[c0],Biomass_c0,R,c0,0,
cpd11420[c0],trdox_c0,C6H9N2O2S2R4,c0,1,
cpd11421[c0],trdrd_c0,C6H10N2O2S2R4,c0,0,
cpd11461[c0],DNA,R,c0,0,
cpd11463[c0],protein,R,c0,0,
cpd11464[c0],Butyryl_ACP_c0,C4H7OSR,c0,0,
cpd11464a[c0],Butyryl_ACPXL_c0,C4H7OSR,c0,0,
cpd11465[c0],But_2_enoyl_acyl_carrier_protein_c0,C4H5ORS,c0,0,
cpd11465a[c0],But_2_enoyl_acyl_carrier_proteinXL_c0,C4H5ORS,c0,0,
cpd11466[c0],Myristoyl_ACP_c0,C14H27OSR,c0,0,
cpd11466a[c0],Myristoyl_ACPXL_c0,C14H27OSR,c0,0,
cpd11467[c0],2E_Tetradecenoyl_acp_c0,C14H25OSR,c0,0,
cpd11467a[c0],2E_Tetradecenoyl_acpXL_c0,C14H25OSR,c0,0,
cpd11468[c0],Dodecanoyl_ACP_c0,C12H23ORS,c0,0,
cpd11468a[c0],Dodecanoyl_ACPXL_c0,C12H23ORS,c0,0,
cpd11469[c0],2E_Dodecenoyl_acp_c0,C12H21OSR,c0,0,
cpd11469a[c0],2E_Dodecenoyl_acpXL_c0,C12H21OSR,c0,0,
cpd11470[c0],Octanoyl_ACP_c0,C8H15OSR,c0,0,
cpd11470a[c0],Octanoyl_ACPXL_c0,C8H15OSR,c0,0,
cpd11471[c0],2E_Octenoyl_acp_c0,C8H13ORS,c0,0,
cpd11471a[c0],2E_Octenoyl_acpXL_c0,C8H13ORS,c0,0,
cpd11472[c0],Hexanoyl_ACP_c0,C6H11OSR,c0,0,
cpd11472a[c0],Hexanoyl_ACPXL_c0,C6H11OSR,c0,0,
cpd11473[c0],2E_Hexenoyl_acp_c0,C6H9OSR,c0,0,
cpd11473a[c0],2E_Hexenoyl_acpXL_c0,C6H9OSR,c0,0,
cpd11474[c0],Decanoyl_ACP_c0,C10H19OSR,c0,0,
cpd11474a[c0],Decanoyl_ACPXL_c0,C10H19OSR,c0,0,
cpd11475[c0],2E_Decenoyl_acp_c0,C10H17OSR,c0,0,
cpd11475a[c0],2E_Decenoyl_acpXL_c0,C10H17OSR,c0,0,
cpd11476[c0],hexadecanoyl_acp_c0,C16H31OSR,c0,0,
cpd11476a[c0],hexadecanoyl_acpXL_c0,C16H31OSR,c0,0,
cpd11477[c0],2E_Hexadecenoyl_acp_c0,C16H29OSR,c0,0,
cpd11477a[c0],2E_Hexadecenoyl_acpXL_c0,C16H29OSR,c0,0,
cpd11478[c0],R_3_Hydroxybutanoyl_acyl_carrier_protein_c0,C4H7O2RS,c0,0,
cpd11478a[c0],R_3_Hydroxybutanoyl_acyl_carrier_proteinXL_c0,C4H7O2RS,c0,0,
cpd11479[c0],D_3_Hydroxyhexanoyl_acp_c0,C6H11O2SR,c0,0,
cpd11479a[c0],D_3_Hydroxyhexanoyl_acpXL_c0,C6H11O2SR,c0,0,
cpd11480[c0],D_3_Hydroxydodecanoyl_acp_c0,C12H23O2SR,c0,0,
cpd11480a[c0],D_3_Hydroxydodecanoyl_acpXL_c0,C12H23O2SR,c0,0,
cpd11481[c0],R_3_hydroxypalmitoyl_acyl_carrierprotein__c0,C16H31O2RS,c0,0,
cpd11481a[c0],R_3_hydroxypalmitoyl_acyl_carrierprotein_XL_c0,C16H31O2RS,c0,0,
cpd11482[c0],R_3_Hydroxydecanoyl_acyl_carrier_protein_c0,C10H19O2RS,c0,0,
cpd11482a[c0],R_3_Hydroxydecanoyl_acyl_carrier_proteinXL_c0,C10H19O2RS,c0,0,
cpd11483[c0],R_3_Hydroxyoctanoyl_acyl_carrier_protein_c0,C8H15O2RS,c0,0,
cpd11483a[c0],R_3_Hydroxyoctanoyl_acyl_carrier_proteinXL_c0,C8H15O2RS,c0,0,
cpd11484[c0],HMA_c0,C14H27O2RS,c0,0,
cpd11484a[c0],HMAXL_c0,C14H27O2RS,c0,0,
cpd11485[c0],3_oxohexadecanoyl_acp_c0,C16H29O2SR,c0,0,
cpd11485a[c0],3_oxohexadecanoyl_acpXL_c0,C16H29O2SR,c0,0,
cpd11486[c0],3_Oxohexanoyl_acp_c0,C6H9O2SR,c0,0,
cpd11486a[c0],3_Oxohexanoyl_acpXL_c0,C6H9O2SR,c0,0,
cpd11487[c0],3_oxodecanoyl_acp_c0,C10H17O2SR,c0,0,
cpd11487a[c0],3_oxodecanoyl_acpXL_c0,C10H17O2SR,c0,0,
cpd11488[c0],Acetoacetyl_ACP_c0,C4H5O2SR,c0,0,
cpd11488a[c0],Acetoacetyl_ACPXL_c0,C4H5O2SR,c0,0,
cpd11489[c0],3_oxododecanoyl_acp_c0,C12H21O2SR,c0,0,
cpd11489a[c0],3_oxododecanoyl_acpXL_c0,C12H21O2SR,c0,0,
cpd11490[c0],3_oxooctanoyl_acp_c0,C8H13O2SR,c0,0,
cpd11490a[c0],3_oxooctanoyl_acpXL_c0,C8H13O2SR,c0,0,
cpd11491[c0],3_oxotetradecanoyl_acp_c0,C14H25O2SR,c0,0,
cpd11491a[c0],3_oxotetradecanoyl_acpXL_c0,C14H25O2SR,c0,0,
cpd11492[c0],Malonyl_acyl_carrierprotein__c0,C3H2O3SR,c0,-1,
cpd11492a[c0],Malonyl_acyl_carrier_protein_XL_c0,C3H2O3SR,c0,-1,
cpd11493[c0],ACP_c0,HSR,c0,0,
cpd11570[c0],3_Oxooctodecanoyl_ACP_c0,C18H33O2RS,c0,0,
cpd11570a[c0],3_Oxooctodecanoyl_ACPXL_c0,C18H33O2RS,c0,0,
cpd11571[c0],3_Hydroxyoctodecanoyl_ACP_c0,C18H35O2RS,c0,0,
cpd11571a[c0],3_Hydroxyoctodecanoyl_ACPXL_c0,C18H35O2RS,c0,0,
cpd11572[c0],trans_Octodec_2_enoyl_ACP_c0,C18H33O1RS,c0,0,
cpd11572a[c0],trans_Octodec_2_enoyl_ACPXL_c0,C18H33O1RS,c0,0,
cpd11574[c0],molybdate_c0,MoO4,c0,-2,
cpd11574[e0],molybdate_e0,MoO4,e0,-2,
cpd11580[c0],Gly_Gln_c0,C7H13N3O4,c0,0,
cpd11580[e0],Gly_Gln_e0,C7H13N3O4,e0,0,
cpd11581[c0],gly_asn_L_c0,C6H11N3O4,c0,0,
cpd11581[e0],gly_asn_L_e0,C6H11N3O4,e0,0,
cpd11582[c0],ala_L_Thr_L_c0,C7H14N2O4,c0,0,
cpd11582[e0],ala_L_Thr_L_e0,C7H14N2O4,e0,0,
cpd11583[c0],Ala_Leu_c0,C9H18N2O3,c0,0,
cpd11583[e0],Ala_Leu_e0,C9H18N2O3,e0,0,
cpd11584[c0],Ala_His_c0,C9H14N4O3,c0,0,
cpd11584[e0],Ala_His_e0,C9H14N4O3,e0,0,
cpd11585[c0],L_alanylglycine_c0,C5H10N2O3,c0,0,
cpd11585[e0],L_alanylglycine_e0,C5H10N2O3,e0,0,
cpd11586[c0],ala_L_glu_L_c0,C8H13N2O5,c0,-1,
cpd11586[e0],ala_L_glu_L_e0,C8H13N2O5,e0,-1,
cpd11587[c0],Ala_Gln_c0,C8H15N3O4,c0,0,
cpd11587[e0],Ala_Gln_e0,C8H15N3O4,e0,0,
cpd11588[c0],gly_pro_L_c0,C7H12N2O3,c0,0,
cpd11588[e0],gly_pro_L_e0,C7H12N2O3,e0,0,
cpd11589[c0],gly_asp_L_c0,C6H9N2O5,c0,-1,
cpd11589[e0],gly_asp_L_e0,C6H9N2O5,e0,-1,
cpd11590[c0],met_L_ala_L_c0,C8H15N2O3S,c0,-1,
cpd11590[e0],met_L_ala_L_e0,C8H15N2O3S,e0,-1,
cpd11591[c0],Gly_Met_c0,C7H14N2O3S,c0,0,
cpd11591[e0],Gly_Met_e0,C7H14N2O3S,e0,0,
cpd11592[c0],gly_glu_L_c0,C7H11N2O5,c0,-1,
cpd11592[e0],gly_glu_L_e0,C7H11N2O5,e0,-1,
cpd11593[c0],ala_L_asp_L_c0,C7H11N2O5,c0,-1,
cpd11593[e0],ala_L_asp_L_e0,C7H11N2O5,e0,-1,
cpd11603[c0],b-Methyl-D-Glucoside_c0,C7H14O6,c0,0,
cpd11603[e0],b-Methyl-D-Glucoside_e0,C7H14O6,e0,0,
cpd11613[c0],RNA,R,c0,0,
cpd11620[c0],Reducedferredoxin_c0,Fe2R4S6,c0,4,
cpd11621[c0],Oxidizedferredoxin_c0,Fe2R4S6,c0,6,
cpd11640[c0],H2_c0,H2,c0,0,
cpd11640[e0],H2_e0,H2,e0,0,
cpd11751[c0],tRNA(Tyr)_C10H12N5O3R,C10H12N5O3R,c0,0,
cpd11770[c0],L-Alanyl-tRNA(Ala)_C13H18N6O4R,C13H18N6O4R,c0,1,
cpd11830[c0],S_Aminomethyldihydrolipoylprotein_c0,C2H7NRS2,c0,1,
cpd11906[c0],tRNA(Ala)_C10H12N5O3R,C10H12N5O3R,c0,0,
cpd11907[c0],tRNA(Arg)_C10H12N5O3R,C10H12N5O3R,c0,0,
cpd11908[c0],tRNA(Asn)_C10H12N5O3R,C10H12N5O3R,c0,0,
cpd11909[c0],tRNA(Asp)_C10H12N5O3R,C10H12N5O3R,c0,0,
cpd11910[c0],tRNA(Cys)_C10H12N5O3R,C10H12N5O3R,c0,0,
cpd11911[c0],tRNA(Gln)_C10H12N5O3R,C10H12N5O3R,c0,0,
cpd11912[c0],tRNA(Glu)_C10H12N5O3R,C10H12N5O3R,c0,0,
cpd11913[c0],tRNA(Gly)_C10H12N5O3R,C10H12N5O3R,c0,0,
cpd11914[c0],tRNA(His)_C10H12N5O3R,C10H12N5O3R,c0,0,
cpd11915[c0],tRNA(Ile)_C10H12N5O3R,C10H12N5O3R,c0,0,
cpd11916[c0],tRNA(Leu)_C10H12N5O3R,C10H12N5O3R,c0,0,
cpd11917[c0],tRNA(Lys)_C10H12N5O3R,C10H12N5O3R,c0,0,
cpd11918[c0],tRNA(Met)_C10H12N5O3R,C10H12N5O3R,c0,0,
cpd11919[c0],tRNA(Phe)_C10H12N5O3R,C10H12N5O3R,c0,0,
cpd11920[c0],tRNA(Pro)_C10H12N5O3R,C10H12N5O3R,c0,0,
cpd11921[c0],tRNA(Ser)_C10H12N5O3R,C10H12N5O3R,c0,0,
cpd11922[c0],tRNA(Thr)_C10H12N5O3R,C10H12N5O3R,c0,0,
cpd11923[c0],tRNA(Trp)_C10H12N5O3R,C10H12N5O3R,c0,0,
cpd11924[c0],tRNA(Val)_C10H12N5O3R,C10H12N5O3R,c0,0,
cpd12003[c0],L-Leucyl-tRNA(leu)_C16H24N6O4R,C16H24N6O4R,c0,1,
cpd12005[c0],Lipoylprotein_c0,CHRS2,c0,0,
cpd12036[c0],L-Arginyl-tRNA(Arg)_C16H26N9O4R,C16H26N9O4R,c0,2,
cpd12060[c0],L-Glutaminyl-tRNA(Gln)_C15H21N7O5R,C15H21N7O5R,c0,1,
cpd12100[c0],L-Glycyl-tRNA(Gly)_C12H16N6O4R,C12H16N6O4R,c0,1,
cpd12105[c0],L-Methionyl-tRNA(Met)_C15H22N6O4RS,C15H22N6O4RS,c0,1,
cpd12132[c0],L-Seryl-tRNA(Ser)_C13H17N6O5R,C13H18N6O5R,c0,1,
cpd12133[c0],L-Valyl-tRNA(Val)_C15H22N6O4R,C15H22N6O4R,c0,1,
cpd12164[c0],L-Prolyl-tRNA(Pro)_C15H19N6O4R,C15H20N6O4R,c0,1,
cpd12194[c0],L-Tyrosyl-tRNA(Tyr)_C19H22N6O5R,C19H22N6O5R,c0,1,
cpd12225[c0],Dihydrolipolprotein_c0,CH3RS2,c0,0,
cpd12226[c0],L-Aspartyl-tRNA(Asp)_C14H17N6O6R,C14H17N6O6R,c0,0,
cpd12227[c0],L_Glutamyl_tRNA(Glu)_C15H19N6O6R,C15H21N7O5R,c0,1,
cpd12228[c0],L-Histidyl-tRNA(His)_C16H20N8O4R,C16H20N8O4R,c0,1,
cpd12229[c0],L-Threonyl-tRNA(Thr)_C14H19N6O5R,C14H20N6O5R,c0,1,
cpd12255[c0],L-Cysteinyl-tRNA(Cys)_C13H18N6O4RS,C13H18N6O4RS,c0,1,
cpd12256[c0],L-Isoleucyl-tRNA(Ile)_C16H24N6O4R,C16H24N6O4R,c0,1,
cpd12285[c0],N-Formylmethionyl-tRNA(Met)_C16H21N6O5RS,C16H21N6O5RS,c0,0,
cpd12313[c0],L-Asparaginyl-tRNA(Asn)_C14H19N7O5R,C14H19N7O5R,c0,1,
cpd12335[c0],L-Phenylalanyl-tRNA(Phe)_C19H22N6O4R,C19H22N6O4R,c0,1,
cpd12336[c0],L-Tryptophanyl-tRNA(Trp)_C21H23N7O4R,C21H23N7O4R,c0,1,
cpd12489[c0],cis-3-Decenoyl-ACP_c0,C10H17OSR,c0,0,
cpd12543[c0],Carboxybiotin_carboxyl_carrier_protein_c0,C18H26N5O6R2S,c0,-1,
cpd12689[c0],3_Oxotetradecanoyl_CoA_c0,C35H56N7O18P3S,c0,-4,
cpd12828[c0],L-Glutamyl-tRNA(Gln),C15H19N6O6R,c0,0,
cpd12829[c0],L-Aspartyl-tRNA(Asn),C14H17N6O6R,c0,0,
cpd12836[c0],poly-beta-hydroxybutyrate_c0,C4H6O2,c0,0,
cpd12847[c0],Apo-[carboxylase],C7H14N3O2R2,c0,1,
cpd12848[c0],Holo_carboxylase_c0,C17H27N5O4R2S,c0,0,
cpd14545[c0],Iminoglycine_c0,C2H3NO2,c0,0,
cpd14698[c0],3_Methyl_1_hydroxybutyl_TPP_c0,C17H26N4O8P2S,c0,-2,
cpd14699[c0],S_3_Methylbutanoyl_dihydrolipoamide_E_c0,C13H25NO2S2,c0,0,
cpd14700[c0],2_Methyl_1_hydroxypropyl_TPP_c0,C16H24N4O8P2S,c0,-2,
cpd14702[c0],2_Methyl_1_hydroxybutyl_TPP_c0,C17H26N4O8P2S,c0,-2,
cpd14703[c0],S_2_Methylbutanoyl_dihydrolipoamide_E_c0,C13H24NO2S2R,c0,0,
cpd15268[c0],Octadecanoyl_ACP_c0,C18H35ORS,c0,0,
cpd15268a[c0],Octadecanoyl_ACPXL_c0,C18H35ORS,c0,0,
cpd15302[c0],glycogenn_1_c0,C24H42O21,c0,0,
cpd15560[c0],Ubiquinone_8_c0,C49H74O4,c0,0,
cpd15561[c0],Ubiquinol_8_c0,C49H76O4,c0,0,
cpd15563[c0],L_Selenocysteinyl_tRNA_Sec_c0,Se,c0,0,
cpd15565[c0],L_Seryl_tRNA_Sec,R,c0,0,
cpd15603[c0],Gly_Cys_c0,C5H10N2O3S,c0,0,
cpd15603[e0],Gly_Cys_e0,C5H10N2O3S,e0,0,
cpd15604[c0],Gly_Leu_c0,C8H16N2O3,c0,0,
cpd15604[e0],Gly_Leu_e0,C8H16N2O3,e0,0,
cpd15605[c0],Gly_Phe_c0,C11H14N2O3,c0,0,
cpd15605[e0],Gly_Phe_e0,C11H14N2O3,e0,0,
cpd15606[c0],Gly_Tyr_c0,C11H14N2O4,c0,0,
cpd15606[e0],Gly_Tyr_e0,C11H14N2O4,e0,0,
cpd15665[c0],Peptidoglycan_polymer_n_subunits_c0,C80H125N16O42R,c0,-4,
cpd15666[c0],Peptidoglycan_polymer_n_1_subunits_c0,C40H63N8O21R,c0,-2,
cpd16440[c0],tRNA_Sec_c0,R,c0,0,
cpd16540[c0],5_Deoxy_glucuronic_acid_c0,C6H9O6,c0,-1,
cpd18011[c0],L_Fucono_1_5_lactone_c0,C6H10O5,c0,0,
cpd19004[c0],1_2_diacylglycerol_c0,C5H6O5R2,c0,0,
cpd19438[c0],Diacylglycerolhomoserine_c0,C9H13NO7R2,c0,0,
cpd19439[c0],DGTS_c0,C12H19NO7R2,c0,0,
cpd20885[c0],Turanose_c0,C12H22O11,c0,0,
cpd20885[e0],Turanose_e0,C12H22O11,e0,0,
cpd23713[c0],L_2_4_diketo_3_deoxyrhamnonate_c0,C6H7O5,c0,-1,
cpdADO1P[c0],Adonitol 1-phosphate,C5H11O8P,c0,-2,
cpdARA1P[c0],L-arabitol 1-phosphate,C5H11O8P,c0,-2,
cpdCL[c0],Total CL lipids_c0,R,c0,-4,
cpdCL1[c0],Cardiolipin-1_2-(1-palmitoleoyl-2-palmitic)_c0,C73H134O17P2,c0,-4,
cpdCL10[c0],Cardiolipin-1_2-(1-cis-vaccenoyl(cyclopropanated)-2-cis-vaccenoyl)_c0,C83H150O17P2,c0,-4,
cpdCL11[c0],Cardiolipin-1_2-(1-cis-vaccenoyl(cyclopropanated)-2-cis-vaccenoyl(cyclopropanated))_c0,C85H154O17P2,c0,-4,
cpdCL2[c0],Cardiolipin-1_2-(1_2-palmitic)_c0,C73H138O17P2,c0,-4,
cpdCL3[c0],Cardiolipin-1_2-(1-cis-vaccenoyl-2-palmitoleoyl)_c0,C77H138O17P2,c0,-4,
cpdCL4[c0],Cardiolipin-1_2-(1-cis-vaccenoyl-2-palmitic)_c0,C77H142O17P2,c0,-4,
cpdCL5[c0],Cardiolipin-1_2-(1-palmitoleoyl-2-palmitic)_c0,C77H142O17P2,c0,-4,
cpdCL6[c0],Cardiolipin-1_2-(1-cis-vaccenoyl-2-palmitoleoyl(cyclopropanated))_c0,C79H142O17P2,c0,-4,
cpdCL7[c0],Cardiolipin-1_2-(1-cis-vaccenoyl(cyclopropanated)-2-palmitoleoyl)_c0,C79H142O17P2,c0,-4,
cpdCL8[c0],Cardiolipin-1_2-(1-cis-vaccenoyl(cyclopropanated)-2-palmitic)_c0,C79H146O17P2,c0,-4,
cpdCL9[c0],Cardiolipin-1_2-(1-cis-vaccenoyl-2-cis-vaccenoyl)_c0,C81H146O17P2,c0,-4,
cpdDMPE1[c0],Dimethyl-phosphatidylethanolamine-1-cis-vaccenoyl-2-palmitoleoyl_c0,C41H78NO8P,c0,0,
cpdDMPE2[c0],Dimethyl-phosphatidylethanolamine-1-cis-vaccenoyl-2-palmitic_c0,C41H80NO8P,c0,0,
cpdDMPE3[c0],Dimethyl-phosphatidylethanolamine-1_2-cis-vaccenoyl_c0,C43H82NO8P,c0,0,
cpdEPSHn[c0],n subunits high molecular weight succinoglycan,C114H176O94,c0,-4,
cpdEPSHn1[c0],n-1 subunits high molecular weight succinoglycan,C57H88O47,c0,-2,
cpdEPSi10[c0],EPSI intermediate - 1 galactose 7 glucose 1 acetyl 1 succinyl,C109H175O51P2,c0,-3,
cpdEPSi11[c0],EPSI intermediate - 1 galactose 7 glucose 1 acetyl 1 succinyl 1 pyruvate,C112H177O54P2,c0,-5,
cpdEPSi2[c0],EPSI intermediate - 1 galactose 1 glucose,C67H110O17P2,c0,-2,
cpdEPSi3[c0],EPSI intermediate - 1 galactose 2 glucose,C73H120O22P2,c0,-2,
cpdEPSi4[c0],EPSI intermediate - 1 galactose 2 glucose 1 acetyl,C75H122O23P2,c0,-2,
cpdEPSi5[c0],EPSI intermediate - 1 galactose 3 glucose 1 acetyl,C81H132O28P2,c0,-2,
cpdEPSi6[c0],EPSI intermediate - 1 galactose 4 glucose 1 acetyl,C87H142O33P2,c0,-2,
cpdEPSi7[c0],EPSI intermediate - 1 galactose 5 glucose 1 acetyl,C93H152O38P2,c0,-2,
cpdEPSi8[c0],EPSI intermediate - 1 galactose 6 glucose 1 acetyl,C99H162O43P2,c0,-2,
cpdEPSi9[c0],EPSI intermediate - 1 galactose 6 glucose 1 acetyl 1 succinyl,C103H165O46P2,c0,-3,
cpdEPSIIi1[c0],EPSII_intermediate_1_c0,C23H35O19,c0,0,
cpdEPSIIi2[c0],EPSII_intermediate_2_c0,C29H45O24,c0,0,
cpdEPSIIi3[c0],EPSII_intermediate_3_c0,C31H47O25,c0,0,
cpdEPSIIn_1[c0],n-1 subunits galactoglucan_c0,C17H25O14,c0,0,
cpdEPSLn[c0],n subunits low molecular weight succinoglycan,C114H176O94,c0,-4,
cpdEPSLn1[c0],n-1 subunits low molecular weight succinoglycan,C57H88O47,c0,-2,
cpdERYI2[c0],L-3-tetrulose-4-P_c0,C4H7O7P,c0,-2,
cpdERYI3[c0],D-3-tetrulose-4-P_c0,C4H7O7P,c0,-2,
cpdERYI4[c0],D-erythrulose-4-P_c0,C4H7O7P,c0,-2,
cpdESPII[c0],n subunits galactoglucan,C34H50O28,c0,-1,
cpdFe4S4[c0],Iron sulfur cluster,Fe4S4,c0,0,
cpdFixed[c0],Fixed ammonium_c0,H4N,c0,1,
cpdFixed[e0],Fixed ammonium_e0,H4N,e0,1,
cpdkGLU[c0],3_ketoglucose_c0,C6H10O6,c0,0,
cpdLipAco[c0],Lipid A + core oligosaccharide_c0,C161H272N2O83P2,c0,-9,
cpdLipAg[c0],Glucose_VLCFA_KDO2_lipid_A_c0,C118H212N2O44P2,c0,-6,
cpdLipidA[c0],VLCFA_KDO2_lipid_A_c0,C112H202N2O39P2,c0,-6,
cpdLPS[c0],Complete LPS_c0,C212H347N2O125P2,c0,-12,
cpdLPS3[c0],deoxyheptulosaric acid_c0,C7H10O8,c0,0,
cpdMALT[c0],Maltitol_c0,C12H24O11,c0,0,
cpdMALT[e0],Maltitol_e0,C12H24O11,e0,0,
cpdMALT1[c0],3_ketomaltitol_c0,C12H22O11,c0,0,
cpdMMPE[c0],Total MMPE lipids_c0,R,c0,0,
cpdMMPE1[c0],Monomethyl-phosphatidylethanolamine-1-cis-vaccenoyl-2-palmitoleoyl_c0,C40H76NO8P,c0,0,
cpdMMPE2[c0],Monomethyl-phosphatidylethanolamine-1-cis-vaccenoyl-2-palmitic_c0,C40H78NO8P,c0,0,
cpdMMPE3[c0],Monomethyl-phosphatidylethanolamine-1-cis-vaccenoyl-2-palmitoleoyl(cyclopropanated)_c0,C41H78NO8P,c0,0,
cpdMMPE4[c0],Monomethyl-phosphatidylethanolamine-1-cis-vaccenoyl(cyclopropanated)-2-palmitoleoyl_c0,C41H78NO8P,c0,0,
cpdMMPE5[c0],Monomethyl-phosphatidylethanolamine-1-cis-vaccenoyl(cyclopropanated)-2-palmitic_c0,C41H80NO8P,c0,0,
cpdMMPE6[c0],Monomethyl-phosphatidylethanolamine-1_2-cis-vaccenoyl_c0,C42H80NO8P,c0,0,
cpdMMPE7[c0],Monomethyl-phosphatidylethanolamine-1-cis-vaccenoyl(cyclopropanated)-2-cis-vaccenoyl_c0,C43H82NO8P,c0,0,
cpdMMPE8[c0],Monomethyl-phosphatidylethanolamine-1-cis-vaccenoyl(cyclopropanated)-2-cis-vaccenoyl(cyclopropanated)_c0,C44H84NO8P,c0,0,
cpdNAGALAMP[c0],N_Acetyl_D_galactosamine_6_phosphate_c0,C8H14NO9P,c0,-2,
cpdNFIM1[c0],Oxo_acyl_NodF_16_1_reduced_dehydrated_c0,C16H27OSR,c0,0,
cpdNFIM10[c0],Oxo_acyl_NodF_16_1_reduced_c0,C16H29O2SR,c0,0,
cpdNFIM2[c0],di-GlcNac_c0,C16H26N2O10,c0,0,
cpdNFIM3[c0],tri-GlcNac_c0,C24H39N3O15,c0,0,
cpdNFIM4[c0],tetra-GlcNac_c0,C32H52N4O20,c0,0,
cpdNFIM5[c0],deacetylated tetra-GlcNac_c0,C30H50N4O19,c0,0,
cpdNFIM6[c0],"Acylated, deacetylated tetra-GlcNac_c0",C46H76N4O20,c0,0,
cpdNFIM7[c0],"Acetylated, acylated, deacetylated tetra-GlcNac_c0",C48H77N4O21,c0,-1,
cpdNFIM8[c0],Malonyl-NodF_c0,C3H2O3SR,c0,-1,
cpdNFIM9[c0],Oxo_acyl_NodF_16_1_c0,C16H27O2SR,c0,0,
cpdNMLP[c0],N-methyl-L-proline_c0,C6H11NO2,c0,0,
cpdNodF[c0],Nod factor_c0,C48H77N4O24S,c0,-1,
cpdNodF[e0],Nod_Factor_e0,C48H77N4O24S,e0,-1,
cpdOL[c0],Total OL lipids_c0,R,c0,1,
cpdOL1[c0],Lyso-ornithine-1-palmitic_c0,C21H43N2O3,c0,1,
cpdOL10[c0],Ornithine-1-cis-vaccenoyl-2-cis-vaccenoyl(cyclopropanated)_c0,C42H79N2O4,c0,1,
cpdOL11[c0],Ornithine-1-steric-2-cis-vaccenoyl(cyclopropanated)_c0,C42H81N2O4,c0,1,
cpdOL12[c0],Ornithine-1-cis-vaccenoyl(cyclopropanated)-2-cis-vaccenoyl(cyclopropanated)_c0,C43H81N2O4,c0,1,
cpdOL2[c0],Ornithine-1-palmitic-2-cis-vaccenoyl_c0,C39H75N2O4,c0,1,
cpdOL3[c0],Lyso-ornithine-1-steric_c0,C23H47N2O3,c0,1,
cpdOL4[c0],Ornithine-1-steric-2-palmitoleoyl_c0,C39H75N2O4,c0,1,
cpdOL5[c0],Ornithine-1-palmitic-2-cis-vaccenoyl(cyclopropanated)_c0,C40H77N2O4,c0,1,
cpdOL6[c0],Ornithine-1-steric-2-palmitoleoyl(cyclopropanated)_c0,C40H77N2O4,c0,1,
cpdOL7[c0],Lyso-ornithine-1-cis-vaccenoyl_c0,C23H45N2O3,c0,1,
cpdOL8[c0],Ornithine-1-cis-vaccenoyl-2-cis-vaccenoyl_c0,C41H77N2O4,c0,1,
cpdOL9[c0],Ornithine-1-steric-2-cis-vaccenoyl_c0,C41H79N2O4,c0,1,
cpdPAL1[c0],3_ketopalatinose_c0,C12H20O11,c0,0,
cpdPC[c0],Total PC lipids_c0,R,c0,0,
cpdPC1[c0],Phosphatidylcholine-1-cis-vaccenoyl-2-palmitoleoyl_c0,C42H80NO8P,c0,0,
cpdPC2[c0],Phosphatidylcholine-1-cis-vaccenoyl-2-palmitic_c0,C42H82NO8P,c0,0,
cpdPC3[c0],Phosphatidylcholine-1-cis-vaccenoyl-2-palmitoleoyl(cyclopropanated)_c0,C43H82NO8P,c0,0,
cpdPC4[c0],Phosphatidylcholine-1-cis-vaccenoyl(cyclopropanated)-2-palmitoleoyl_c0,C43H82NO8P,c0,0,
cpdPC5[c0],Phosphatidylcholine-1-cis-vaccenoyl(cyclopropanated)-2-palmitic_c0,C43H84NO8P,c0,0,
cpdPC6[c0],Phosphatidylcholine-1_2-cis-vaccenoyl_c0,C44H84NO8P,c0,0,
cpdPC7[c0],Phosphatidylcholine-1-cis-vaccenoyl(cyclopropanated)-2-cis-vaccenoyl_c0,C45H86NO8P,c0,0,
cpdPC8[c0],Phosphatidylcholine-1-cis-vaccenoyl(cyclopropanated)-2-cis-vaccenoyl(cyclopropanated)_c0,C46H88NO8P,c0,0,
cpdPE[c0],Total PE lipids_c0,R,c0,0,
cpdPE1[c0],Phosphatidylserine-1-cis-vaccenoyl-2-palmitoleoyl,C40H73NO10P,c0,-1,
cpdPE10[c0],Phosphatidylethanolamine-1-cis-vaccenoyl(cyclopropanated)-2-cis-vaccenoyl_c0,C42H80NO8P,c0,0,
cpdPE11[c0],Phosphatidylethanolamine-1-cis-vaccenoyl(cyclopropanated)-2-cis-vaccenoyl(cyclopropanated)_c0,C43H82NO8P,c0,0,
cpdPE2[c0],Phosphatidylethanolamine-1-cis-vaccenoyl-2-palmitoleoyl_c0,C39H74NO8P,c0,0,
cpdPE3[c0],Phosphatidylserine-1-cis-vaccenoyl-2-palmitic,C40H75NO10P,c0,-1,
cpdPE4[c0],Phosphatidylethanolamine-1-cis-vaccenoyl-2-palmitic_c0,C39H76NO8P,c0,0,
cpdPE5[c0],Phosphatidylethanolamine-1-cis-vaccenoyl-2-palmitoloeyl(cyclopropanated)_c0,C40H76NO8P,c0,0,
cpdPE6[c0],Phosphatidylethanolamine-1-cis-vaccenoyl(cyclopropanated)-2-palmitoloeyl_c0,C40H76NO8P,c0,0,
cpdPE7[c0],Phosphatidylethanolamine-1-cis-vaccenoyl(cyclopropanated)-2-palmitic_c0,C40H78NO8P,c0,0,
cpdPE8[c0],Phosphatidylserine-1_2-cis-vaccenoyl_c0,C42H77NO10P,c0,-1,
cpdPE9[c0],Phosphatidylethanolamine-1_2-cis-vaccenoyl_c0,C41H78NO8P,c0,0,
cpdPG[c0],Total PG lipids_c0,R,c0,-1,
cpdPG1[c0],palmitoleoyl-phosphate_c0,C16H29O5P,c0,-2,
cpdPG10[c0],CDP-1_2-palmitic-sn-glycerol-3-phosphate_c0,C44H79N3O15P2,c0,-2,
cpdPG11[c0],Phosphatidylglycerophosphate-1_2-palmitic_c0,C38H73O13P2,c0,-3,
cpdPG12[c0],Phosphatidylglycerol-1_2-palmitic-2-palmitic_c0,C38H73O10P,c0,-2,
cpdPG13[c0],cis-vaccenoyl-phosphate_c0,C18H33O5P,c0,-2,
cpdPG14[c0],1-cis-vaccenoyl-sn-glycerol-3-phosphate_c0,C21H39O7P,c0,-2,
cpdPG15[c0],1-cis-vaccenoyl-2-palmitoleoyl-sn-glycerol-3-phosphate_c0,C37H67O8P,c0,-2,
cpdPG16[c0],CDP-1-cis-vaccenoyl-2-palmitoleoyl-sn-glycerol-3-phosphate_c0,C46H79N3O15P2,c0,-2,
cpdPG17[c0],Phosphatidylglycerophosphate-1-cis-vaccenoyl-2-palmitoleoyl_c0,C40H73O13P2,c0,-3,
cpdPG18[c0],Phosphatidylglycerol-1-cis-vaccenoyl-2-palmitoleoyl_c0,C40H73O10P,c0,-2,
cpdPG19[c0],1-cis-vaccenoyl-2-palmitic-sn-glycerol-3-phosphate_c0,C37H69O8P,c0,-2,
cpdPG2[c0],1-palmitoleoyl-sn-glycerol-3-phosphate_c0,C19H35O7P,c0,-2,
cpdPG20[c0],CDP-1-cis-vaccenoyl-2-palmitic-sn-glycerol-3-phosphate_c0,C46H81N3O15P2,c0,-2,
cpdPG21[c0],Phosphatidylglycerophosphate-1-cis-vaccenoyl-2-palmitic_c0,C40H75O13P2,c0,-3,
cpdPG22[c0],Phosphatidylglycerol-1-cis-vaccenoyl-2-palmitic_c0,C40H75O10P,c0,-2,
cpdPG23[c0],1-palmitic-2-cis-vaccenoyl-sn-glycerol-3-phosphate_c0,C37H69O8P,c0,-2,
cpdPG24[c0],CDP-1-palmitic-2-cis-vaccenoyl-sn-glycerol-3-phosphate_c0,C46H81N3O15P2,c0,-2,
cpdPG25[c0],Phosphatidylglycerophosphate-1-palmitic-2-cis-vaccenoyl_c0,C40H75O13P2,c0,-3,
cpdPG26[c0],Phosphatidylglycerol-1-palmitic-2-cis-vaccenoyl_c0,C40H75O10P,c0,-2,
cpdPG27[c0],Phosphatidylglycerol-1-cis-vaccenoyl-2-palmitoleoyl(cyclopropanated)_c0,C41H75O10P,c0,-2,
cpdPG28[c0],Phosphatidylglycerol-1-cis-vaccenoyl(cyclopropanated)-2-palmitoleoyl_c0,C41H75O10P,c0,-2,
cpdPG3[c0],1-palmitoleoyl-2-palmitic-sn-glycerol-3-phosphate_c0,C35H65O8P,c0,-2,
cpdPG34[c0],Phosphatidylglycerol-1-cis-vaccenoyl(cyclopropanated)-2-palmitic_c0,C41H77O10P,c0,-2,
cpdPG35[c0],1-cis-vaccenoyl-2-cis-vaccenoyl-sn-glycerol-3-phosphate_c0,C39H71O8P,c0,-2,
cpdPG36[c0],CDP-1-cis-vaccenoyl-2-cis-vaccenoyl-sn-glycerol-3-phosphate_c0,C48H83N3O15P2,c0,-2,
cpdPG37[c0],Phosphatidylglycerophosphate-1-cis-vaccenoyl-2-cis-vaccenoyl_c0,C42H77O13P2,c0,-3,
cpdPG38[c0],Phosphatidylglycerol-1-cis-vaccenoyl-2-cis-vaccenoyl_c0,C42H77O10P,c0,-2,
cpdPG39[c0],Phosphatidylglycerol-1-cis-vaccenoyl(cyclopropanated)-2-cis-vaccenoyl_c0,C43H79O10P,c0,-2,
cpdPG4[c0],CDP-1-palmitoleoyl-2-palmitic-sn-glycerol-3-phosphate_c0,C44H77N3O15P2,c0,-2,
cpdPG40[c0],Phosphatidylglycerol-1-cis-vaccenoyl(cyclopropanated)-2-cis-vaccenoyl(cyclopropanated)_c0,C44H81O10P,c0,-2,
cpdPG5[c0],Phosphatidylglycerophosphate-1-palmitoleoyl-2-palmitic_c0,C38H71O13P2,c0,-3,
cpdPG6[c0],Phosphatidylglycerol-1-palmitoleoyl-2-palmitic_c0,C38H71O10P,c0,-2,
cpdPG7[c0],palmitic-phosphate_c0,C16H31O5P,c0,-2,
cpdPG8[c0],1-palmitic-sn-glycerol-3-phosphate_c0,C19H37O7P,c0,-2,
cpdPG9[c0],1_2-palmitic-sn-glycerol-3-phosphate_c0,C35H67O8P,c0,-2,
cpdPolyPn[c0],Polyphosphate_n_c0,O3P,c0,-6,
cpdPolyPn1[c0],Polyphosphate_n+1_c0,O6P2,c0,-7,
cpdProFM[c0],N-formylmethionine containing protein,R,c0,-1,
cpdRHA1[c0],Rhamnose_1_phosphate_c0,C6H11O8P,c0,-2,
cpdRHBC1[c0],N4-hydroxy-1-aminopropane_c0,C3H11N2O,c0,1,
cpdRHBC2[c0],N4-acetyl-N4-hydroxy-1-aminopropane_c0,C5H13N2O2,c0,1,
cpdRHBC3[c0],Rhizobactin core_c0,C16H27N4O9,c0,-1,
cpdRHBC4[c0],Rhizobactin_c0,C38H67N8O16,c0,-1,
cpdRHBC4[e0],Rhizobactin_e0,C38H67N8O16,e0,-1,
cpdRIB1P[c0],D-Ribulose 1-phosphate,C5H9O8P,c0,-2,
cpdSL[c0],Total SL lipids_c0,R,c0,-1,
cpdSL1[c0],1-palmitoleoyl-2-palmitic-sn-glycerol_c0,C35H66O5,c0,0,
cpdSL10[c0],Sulfoquinovosyl-1-palmitic-2-cis-vaccenoyl_c0,C43H79O12S,c0,-1,
cpdSL11[c0],Sulfoquinovosyl-1-cis-vaccenoyl-2-palmitoleoyl(cyclopropanated)_c0,C44H79O12S,c0,-1,
cpdSL12[c0],Sulfoquinovosyl-1-cis-vaccenoyl(cyclopropanated)-2-palmitoleoyl_c0,C44H79O12S,c0,-1,
cpdSL13[c0],Sulfoquinovosyl-1-cis-vaccenoyl(cyclopropanated)-2-palmitic_c0,C44H81O12S,c0,-1,
cpdSL14[c0],1-palmitic-2-cis-vaccenoyl-sn-glycerol-3-phosphate_c0,C37H69O8P,c0,-2,
cpdSL15[c0],1-palmitic-2-cis-vaccenoyl-sn-glycerol_c0,C37H70O5,c0,0,
cpdSL16[c0],Sulfoquinovosyl-1-palmitic-2-cis-vaccenoyl-sn-glycerol_c0,C43H79O12S,c0,-1,
cpdSL17[c0],Sulfoquinovosyl-1-palmitic-2-cis-vaccenoyl(cyclopropanated)-sn-glycerol_c0,C44H81O12S,c0,-1,
cpdSL18[c0],1-cis-vaccenoyl-2-cis-vaccenoyl-sn-glycerol_c0,C39H72O5,c0,0,
cpdSL19[c0],Sulfoquinovosyl-1-cis-vaccenoyl-2-cis-vaccenoyl-sn-glycerol_c0,C45H81O12S,c0,-1,
cpdSL2[c0],Sulfoquinovosyl-1-palmitoleoyl-2-palmitic-sn-glycerol_c0,C41H75O12S,c0,-1,
cpdSL20[c0],Sulfoquinovosyl-1-cis-vaccenoyl(cyclopropanated)-2-cis-vaccenoyl-sn-glycerol_c0,C46H83O12S,c0,-1,
cpdSL21[c0],Sulfoquinovosyl-1-cis-vaccenoyl(cyclopropanated)-2-cis-vaccenoyl(cyclopropanated)-sn-glycerol_c0,C44H81O12S,c0,-1,
cpdSL22[c0],1-cis-vaccenoyl-2-steric-sn-glycerol-3-phosphate_c0,C39H73O8P,c0,-2,
cpdSL23[c0],1-cis-vaccenoyl-2-steric-sn-glycerol_c0,C39H74O5,c0,0,
cpdSL24[c0],Sulfoquinovosyl-1-cis-vaccenoyl-steric-sn-glycerol_c0,C45H83O12S,c0,-1,
cpdSL3[c0],1_2-palmitic-sn-glycerol_c0,C35H68O5,c0,0,
cpdSL4[c0],Sulfoquinovosyl-1_2-palmitic-sn-glycerol_c0,C41H77O12S,c0,-1,
cpdSL5[c0],1-cis-vaccenoyl-2-palmitoleoyl_c0,C37H68O5,c0,0,
cpdSL6[c0],Sulfoquinovosyl-1-cis-vaccenoyl-2-palmitoleoyl_c0,C43H77O12S,c0,-1,
cpdSL7[c0],1-cis-vaccenoyl-2-palmitic_c0,C37H70O5,c0,0,
cpdSL8[c0],Sulfoquinovosyl-1-cis-vaccenoyl-2-palmitic_c0,C43H79O12S,c0,-1,
cpdSL9[c0],1-palmitic-2-cis-vaccenoyl_c0,C37H70O5,c0,0,
cpdSymCoF[c0],Symbiosis cofactors_c0,R,c0,0,
cpdTRE1[c0],3_ketotrehalose_c0,C12H20O11,c0,0,
cpdUS1[c0],(5Z)-3-oxo-docec-5-enoyl-ACP_c0,C12H19O2SR,c0,0,
cpdUS10[c0],(3R)-3-hydroxy-cis-delta-9-hexadecenoyl-ACP_c0,C16H29O2SR,c0,0,
cpdUS11[c0],trans-delta-3-cis-delta-9-hexadecenoyl-ACP_c0,C16H27OSR,c0,0,
cpdUS12[c0],palmitoleoyl-ACP_c0,C16H29OSR,c0,0,
cpdUS13[c0],3-oxo-cis-vacc-11-enoyl-ACP_c0,C18H31O2SR,c0,0,
cpdUS14[c0],(R)-3-hydroxy-cis-vacc-11-enoyl-ACP_c0,C18H33O2SR,c0,0,
cpdUS15[c0],(2-trans-11-cis)-vaccen-2-enoyl-ACP_c0,C18H31OSR,c0,0,
cpdUS16[c0],cis-vaccenoyl-ACP_c0,C18H33OSR,c0,0,
cpdUS2[c0],(3R_5Z)-3-hydroxy-dodec-5-enoyl-ACP_c0,C12H21O2SR,c0,0,
cpdUS3[c0],(3E_5Z)-dodeca-3_5-dienoyl-ACP_c0,C12H19OSR,c0,0,
cpdUS4[c0],(5Z)-dodec-5-enoyl-ACP_c0,C12H21OSR,c0,0,
cpdUS5[c0],3-oxo-cis-delta-7-tetradecenoyl-ACP_c0,C14H23O2SR,c0,0,
cpdUS6[c0],(3R)-3-hydroxy-cis-delta-7-tetradecenoyl-ACP_c0,C14H25O2SR,c0,0,
cpdUS7[c0],trans-delta-3-cis-delta-7-tetradecenoyl-ACP_c0,C14H23OSR,c0,0,
cpdUS8[c0],cis-delta-7-tetradecenoyl-ACP_c0,C14H25OSR,c0,0,
cpdUS9[c0],3-oxo-cis-delta-9-hexadecenoyl-ACP_c0,C16H27O2SR,c0,0,
cpdVLCFA[c0],3_Hydroxy_C28_ACPXL_c0,C28H55O2RS,c0,0,
cpdVLCFA1[c0],3_Oxo_C20_ACPXL_c0,C20H37O2RS,c0,0,
cpdVLCFA10[c0],3_Hydroxy_C24_ACPXL_c0,C24H47O2RS,c0,0,
cpdVLCFA11[c0],trans_C24_2_enoyl_ACPXL_c0,C24H45O1RS,c0,0,
cpdVLCFA12[c0],C24_ACPXL_c0,C24H47O1RS,c0,0,
cpdVLCFA13[c0],3_Oxo_C26_ACPXL_c0,C26H49O2RS,c0,0,
cpdVLCFA14[c0],3_Hydroxy_C26_ACPXL_c0,C26H51O2RS,c0,0,
cpdVLCFA15[c0],trans_C26_2_enoyl_ACPXL_c0,C26H49O1RS,c0,0,
cpdVLCFA16[c0],C26_ACPXL_c0,C26H51O1RS,c0,0,
cpdVLCFA17[c0],3_Oxo_C28_ACPXL_c0,C28H53O2RS,c0,0,
cpdVLCFA2[c0],3_Hydroxy_C20_ACPXL_c0,C20H39O2RS,c0,0,
cpdVLCFA3[c0],trans_C20_2_enoyl_ACPXL_c0,C20H37O1RS,c0,0,
cpdVLCFA4[c0],C20_ACPXL_c0,C20H39O1RS,c0,0,
cpdVLCFA5[c0],3_Oxo_C22_ACPXL_c0,C22H41O2RS,c0,0,
cpdVLCFA6[c0],3_Hydroxy_C22_ACPXL_c0,C22H43O2RS,c0,0,
cpdVLCFA7[c0],trans_C22_2_enoyl_ACPXL_c0,C22H41O1RS,c0,0,
cpdVLCFA8[c0],C22_ACPXL_c0,C22H43O1RS,c0,0,
cpdVLCFA9[c0],3_Oxo_C24_ACPXL_c0,C24H45O2RS,c0,0,
cpdXYL1P[c0],L-xylulose 1-phosphate_c0,C5H9O8P,c0,-2,
